-4.973755074745261351e-01,9.239274362829930087e-02,1.000000000000000000e+00
-3.764527251912855310e-01,3.841853745615039228e-01,0.000000000000000000e+00
4.586163990422580383e-01,-2.217300601422664968e-02,1.000000000000000000e+00
-3.538411115203916602e-01,1.477430943662547125e-01,0.000000000000000000e+00
-2.830892539778787631e-01,3.103881609212265635e-01,0.000000000000000000e+00
2.816894656560284815e-01,3.711113576651146606e-01,0.000000000000000000e+00
1.886361143860846787e-02,4.696783045947743873e-01,1.000000000000000000e+00
-3.351964714305653570e-01,3.570942388595836348e-01,0.000000000000000000e+00
4.929451030827391445e-01,-2.716979209597623623e-01,1.000000000000000000e+00
4.274032645951781895e-01,4.710449203703993004e-01,1.000000000000000000e+00
3.095160004275614440e-01,5.095854906107338822e-02,0.000000000000000000e+00
-2.647393325150697585e-01,-3.372239884104972218e-01,0.000000000000000000e+00
-3.935157361473832216e-01,-1.672091631672470713e-01,0.000000000000000000e+00
-4.266103220247347005e-02,4.926628736277655629e-01,1.000000000000000000e+00
-3.573046973234259571e-01,-3.729305385528963734e-01,0.000000000000000000e+00
-4.985739283084452689e-01,-8.813240115822514043e-02,1.000000000000000000e+00
-5.219181693422613177e-01,-1.100345939258345722e-02,1.000000000000000000e+00
-4.543272155423870862e-01,-2.329082344107724911e-01,1.000000000000000000e+00
6.026038978196252699e-02,-3.399202923287616418e-01,0.000000000000000000e+00
5.237351380948305213e-01,2.652614980115202692e-01,1.000000000000000000e+00
-1.827597246146995813e-01,-3.459186262791705269e-01,0.000000000000000000e+00
8.382903754872342295e-02,3.478386179322238148e-01,0.000000000000000000e+00
9.473046719222136258e-02,3.392384522028551452e-01,0.000000000000000000e+00
3.397553595265272453e-01,-3.787344845841780772e-01,0.000000000000000000e+00
-3.574378588488736352e-01,1.989328748142236425e-01,0.000000000000000000e+00
5.011005569043837093e-01,3.491120173735596244e-01,1.000000000000000000e+00
3.660763636334822824e-01,-7.014090165848393781e-03,0.000000000000000000e+00
3.647056232279484167e-01,-2.295102793704775768e-01,0.000000000000000000e+00
3.553146761609383697e-01,3.523409005071869715e-01,0.000000000000000000e+00
-5.386757874247710687e-01,-3.993141545538669845e-01,1.000000000000000000e+00
4.984928116590220393e-01,-2.845664225475560277e-02,1.000000000000000000e+00
-3.569520261991985799e-01,-3.083400867098924358e-01,0.000000000000000000e+00
4.295821052487405756e-01,4.839261861661777187e-01,1.000000000000000000e+00
-3.537528806751532029e-01,3.289370742457214392e-01,0.000000000000000000e+00
2.368059375729983373e-01,5.396940380936341430e-01,1.000000000000000000e+00
3.339185599552815242e-01,-1.001803472760014607e-01,0.000000000000000000e+00
-2.316960814851953820e-01,-4.716601793590385339e-01,1.000000000000000000e+00
-2.463934841832251532e-01,5.249189910704954443e-01,1.000000000000000000e+00
-2.581218805183096987e-01,3.462808461941579985e-01,0.000000000000000000e+00
-5.024001051242442673e-01,2.593284147778457394e-02,1.000000000000000000e+00
-2.499199667080164722e-01,-3.488721674076666335e-01,0.000000000000000000e+00
-1.839943627268290915e-01,5.019780430982383468e-01,1.000000000000000000e+00
-3.712632670880859354e-01,9.408292045159059869e-02,0.000000000000000000e+00
3.290218952350181247e-01,1.497336593523310999e-01,0.000000000000000000e+00
-4.516608679496890155e-01,4.747056478973628035e-01,1.000000000000000000e+00
3.521242034259426945e-01,-4.921570666709317726e-02,0.000000000000000000e+00
9.426826704470293861e-02,3.098390077637541706e-01,0.000000000000000000e+00
2.230209014781075194e-01,3.156736615989517714e-01,0.000000000000000000e+00
-2.697825844922352098e-02,-5.466670787082906768e-01,1.000000000000000000e+00
3.462145396076296566e-01,3.689367082515350726e-01,0.000000000000000000e+00
-4.997485882032746130e-01,-2.342496069739196107e-01,1.000000000000000000e+00
3.809501733989609784e-01,-3.706578851352724802e-01,0.000000000000000000e+00
3.239850192478713753e-01,-1.052765688466155217e-02,0.000000000000000000e+00
3.421099219153534987e-01,-1.668717810838671045e-01,0.000000000000000000e+00
3.338088195760345323e-01,5.155863402356095637e-01,1.000000000000000000e+00
-3.722667920357848326e-01,-1.989597201428648932e-01,0.000000000000000000e+00
-1.374161204078522824e-01,3.628229211706943680e-01,0.000000000000000000e+00
2.542235085406566175e-01,-4.364690298077943953e-01,1.000000000000000000e+00
-4.757979470583855730e-01,2.047294352742622947e-01,1.000000000000000000e+00
5.943595629381439455e-02,5.119267023089216773e-01,1.000000000000000000e+00
1.398160649140088585e-01,3.411012126738298122e-01,0.000000000000000000e+00
-9.169719702615156121e-02,-5.635057905189793104e-01,1.000000000000000000e+00
-3.692009207591149256e-01,3.731639575241774143e-01,0.000000000000000000e+00
-5.022800639295365022e-01,-5.139520470154665954e-01,1.000000000000000000e+00
1.059507904255314534e-02,4.720762611563318889e-01,1.000000000000000000e+00
-4.991175815099271329e-01,-4.159735967920485389e-01,1.000000000000000000e+00
-4.543386385216564571e-01,-5.060300991054738073e-01,1.000000000000000000e+00
-5.281945907531950812e-01,4.917667413960410405e-01,1.000000000000000000e+00
-3.720282774274907833e-01,2.671182672478194520e-01,0.000000000000000000e+00
-3.758247298629986410e-01,-2.615535466672843090e-01,0.000000000000000000e+00
4.769021996047499434e-01,-4.762686649913761561e-01,1.000000000000000000e+00
3.853037924574657658e-01,3.403525531400023452e-01,0.000000000000000000e+00
-2.063743729195129661e-01,-4.654892311923182757e-01,1.000000000000000000e+00
-3.366021359583459271e-01,-2.114550755769523949e-01,0.000000000000000000e+00
-3.607692783736410336e-01,1.381804837301688349e-01,0.000000000000000000e+00
4.962527102066714990e-01,-3.881651591033761228e-01,1.000000000000000000e+00
-2.235118430504215159e-01,4.748490785519902113e-01,1.000000000000000000e+00
-3.294612543599216847e-01,3.130505785647734185e-01,0.000000000000000000e+00
3.112936419287739009e-01,8.682774995901178239e-02,0.000000000000000000e+00
1.502445707075735631e-02,-3.632993659751797555e-01,0.000000000000000000e+00
-1.085154158549535286e-01,-5.315142211260537319e-01,1.000000000000000000e+00
2.731230492568097468e-01,4.974901624149658530e-01,1.000000000000000000e+00
-3.399912796246644109e-01,-2.441426539927559758e-01,0.000000000000000000e+00
3.131919267883377378e-01,2.927328533619784068e-01,0.000000000000000000e+00
3.728300481063044347e-01,2.692750169389211967e-01,0.000000000000000000e+00
9.536865756803285243e-02,4.052826083309872818e-01,0.000000000000000000e+00
3.050636048908275111e-01,-2.788853706581542746e-01,0.000000000000000000e+00
3.234141765461348017e-01,1.299191289415584094e-01,0.000000000000000000e+00
3.992410827525700867e-01,4.830101739363963920e-01,1.000000000000000000e+00
2.388360351134279774e-02,-4.858920522579378010e-01,1.000000000000000000e+00
-1.474322479921880424e-01,5.056836487535870672e-01,1.000000000000000000e+00
-4.103710112184771885e-01,5.403562386820056629e-01,1.000000000000000000e+00
2.677557322401080686e-01,-5.252149321715026131e-01,1.000000000000000000e+00
3.951786772623197552e-01,-5.131899345693579084e-01,1.000000000000000000e+00
-3.852787940811085443e-01,4.819017823985349280e-01,1.000000000000000000e+00
-4.720092941579886459e-01,2.444862337729477586e-01,1.000000000000000000e+00
-3.188179456692155633e-01,-3.300806173423424528e-01,0.000000000000000000e+00
3.630900533088541327e-01,3.887016700344684272e-01,0.000000000000000000e+00
3.484564174635524370e-01,8.018541134190620978e-02,0.000000000000000000e+00
-3.388290936584344437e-01,3.553575766087247595e-02,0.000000000000000000e+00
3.454061067437501631e-01,-1.409603471209255887e-01,0.000000000000000000e+00
3.182042567946231637e-01,-3.706154554909616428e-01,0.000000000000000000e+00
-3.171787581362551789e-01,-1.484995248160047021e-01,0.000000000000000000e+00
3.513609210082369594e-01,5.353718533980605931e-01,1.000000000000000000e+00
-3.539119064236574408e-01,3.433714750537341653e-01,0.000000000000000000e+00
2.803310876284889619e-01,-4.945914005426068627e-01,1.000000000000000000e+00
-3.610711528436684747e-01,1.371342489267680237e-02,0.000000000000000000e+00
-4.386641416848555131e-01,5.054599268282484736e-01,1.000000000000000000e+00
-1.883559377951495029e-02,3.413950885883154651e-01,0.000000000000000000e+00
-4.936822331989598189e-01,-6.096388397152877059e-02,1.000000000000000000e+00
-2.842924893833592148e-01,4.782784363283512086e-01,1.000000000000000000e+00
-3.664097687714825136e-01,-5.599647272558846284e-02,0.000000000000000000e+00
-4.867001547647209492e-01,-1.384585196643210447e-01,1.000000000000000000e+00
-4.760935394391929143e-01,-3.202355009548378817e-01,1.000000000000000000e+00
-3.541465880663384191e-01,-4.152429422253245406e-02,0.000000000000000000e+00
-2.529636621914194694e-01,-5.332285320686388497e-01,1.000000000000000000e+00
1.539036450620725853e-02,3.487913844055045010e-01,0.000000000000000000e+00
-3.347974685762077351e-01,-3.112544706002675077e-01,0.000000000000000000e+00
2.925657565506304958e-01,3.600974005208993356e-01,0.000000000000000000e+00
3.469996401778376871e-01,-5.484178115600637504e-01,1.000000000000000000e+00
4.876417613966001902e-02,4.637023617642063167e-01,1.000000000000000000e+00
2.529891189849007294e-01,3.595550696946323010e-01,0.000000000000000000e+00
3.551271656307963265e-01,3.284181039281448555e-01,0.000000000000000000e+00
5.290383450889779571e-01,-4.120972820068640741e-01,1.000000000000000000e+00
3.747727293421211359e-01,9.806438784501529671e-02,0.000000000000000000e+00
-3.453322722047554860e-01,3.439467997748962280e-01,0.000000000000000000e+00
4.578870686143779456e-01,4.467962831096642384e-01,1.000000000000000000e+00
3.701640941974064791e-01,7.649292370213817138e-02,0.000000000000000000e+00
4.791201827452128970e-01,-3.564454170540198863e-01,1.000000000000000000e+00
7.925473024049498050e-02,4.763314897260702563e-01,1.000000000000000000e+00
-3.787087645172781403e-01,-3.771449733421428085e-01,0.000000000000000000e+00
-1.970497295071278188e-01,3.272287405590336706e-01,0.000000000000000000e+00
5.350711185025061045e-01,4.881166583212896981e-01,1.000000000000000000e+00
-1.724067093299482545e-01,-5.083961180351328490e-01,1.000000000000000000e+00
-5.079779600021571140e-01,1.405982472341141265e-01,1.000000000000000000e+00
3.576816195126397702e-01,-1.567650617215155251e-01,0.000000000000000000e+00
2.767892229797175863e-01,-3.090394093564551858e-01,0.000000000000000000e+00
-4.555902845913356036e-01,2.082582736470418028e-01,1.000000000000000000e+00
-1.210801503526458545e-01,-3.553888263447170792e-01,0.000000000000000000e+00
-3.642001839806604524e-01,2.125191265447000655e-01,0.000000000000000000e+00
5.020652758039050312e-01,-3.934529680465320145e-01,1.000000000000000000e+00
-1.032578745562669070e-01,4.794616370745118372e-01,1.000000000000000000e+00
-1.954110675652621365e-01,-3.504730525970548571e-01,0.000000000000000000e+00
1.278549209175964263e-01,-3.479491461713628553e-01,0.000000000000000000e+00
3.260710475431147226e-01,-2.592615147145738708e-01,0.000000000000000000e+00
-3.753493038528040171e-01,-7.730256433504034685e-02,0.000000000000000000e+00
-2.040273885328207637e-01,4.567430984612478317e-01,1.000000000000000000e+00
5.147185601701876889e-01,6.529636603248267432e-03,1.000000000000000000e+00
5.096080851302811077e-01,-1.529867112240638483e-01,1.000000000000000000e+00
2.168313380284567216e-01,5.252427963702928082e-01,1.000000000000000000e+00
-3.248672031912784863e-01,-3.088986648925421963e-01,0.000000000000000000e+00
9.447020648315974933e-02,-3.525351786667052512e-01,0.000000000000000000e+00
-2.986774189140188329e-01,-5.542791237329541820e-01,1.000000000000000000e+00
-1.695602701370984844e-01,3.665518572249926166e-01,0.000000000000000000e+00
2.116889260852702070e-01,-3.525145302182240425e-01,0.000000000000000000e+00
4.678496357676529271e-01,5.134790318528549280e-01,1.000000000000000000e+00
-1.292053091627974604e-01,3.521544210595029534e-01,0.000000000000000000e+00
2.645635401367488204e-01,4.047724503309959587e-01,0.000000000000000000e+00
-2.966828607019186825e-01,-3.745909048947294595e-01,0.000000000000000000e+00
4.978596261442375659e-01,1.334081113528855222e-01,1.000000000000000000e+00
1.788897766477128282e-01,-3.563082857846129881e-01,0.000000000000000000e+00
-3.372999151489548542e-01,-4.902300500979746567e-01,1.000000000000000000e+00
-7.847391336204159740e-02,5.302462531602576412e-01,1.000000000000000000e+00
2.472856441037907527e-01,-3.148473807152247228e-01,0.000000000000000000e+00
-3.646138908630731645e-01,4.598815367534753173e-01,1.000000000000000000e+00
-5.170516393092291496e-01,5.364678687418998893e-01,1.000000000000000000e+00
7.316182396083434347e-02,-4.038279948142645681e-01,0.000000000000000000e+00
-4.663746642637414674e-02,-3.617076226922397719e-01,0.000000000000000000e+00
2.107661547681528580e-01,3.528184485308933915e-01,0.000000000000000000e+00
-3.664316922576194013e-01,3.103350589199835863e-01,0.000000000000000000e+00
3.338236618404309963e-01,-1.340945316913762786e-01,0.000000000000000000e+00
-1.125513865609123754e-01,-5.042810886288052741e-01,1.000000000000000000e+00
-1.375462043843676471e-02,5.009727176464053855e-01,1.000000000000000000e+00
9.091308812328693922e-02,-5.156641062686340149e-01,1.000000000000000000e+00
3.110500367954150969e-01,3.010055030521388009e-01,0.000000000000000000e+00
1.923275859151839240e-01,-4.873241307558665580e-01,1.000000000000000000e+00
5.211248900750209412e-01,-1.151180439363248958e-01,1.000000000000000000e+00
-3.331101543092483963e-01,-1.573827648386346423e-01,0.000000000000000000e+00
4.225420176621089707e-01,-4.751659656144215926e-01,1.000000000000000000e+00
-2.923279165595412121e-01,-4.010518037456738405e-01,0.000000000000000000e+00
1.546059014435952339e-01,3.509529500044850092e-01,0.000000000000000000e+00
-3.355270465014197900e-01,2.854630728655387917e-01,0.000000000000000000e+00
1.013321520380961044e-01,3.076907390631472561e-01,0.000000000000000000e+00
-7.975155798024592679e-02,-5.182336586570106540e-01,1.000000000000000000e+00
-3.115313758992648285e-01,5.174784038429673938e-01,1.000000000000000000e+00
-4.925310099857516111e-01,-1.305450267585890611e-01,1.000000000000000000e+00
-4.724442452273227566e-01,1.954707917206002510e-01,1.000000000000000000e+00
1.493506752243811408e-01,-4.993862644089405167e-01,1.000000000000000000e+00
-3.291035983129594333e-01,2.816969928394123523e-01,0.000000000000000000e+00
3.495800479210433576e-01,-4.764476602781720915e-01,1.000000000000000000e+00
2.196739871355528062e-01,3.474196812134572876e-01,0.000000000000000000e+00
3.898211003575587918e-01,-4.737152400334984081e-01,1.000000000000000000e+00
-2.264211576432603179e-01,-5.061662238813111614e-01,1.000000000000000000e+00
-1.344428953727983822e-01,5.151998127351599122e-01,1.000000000000000000e+00
-4.790091888206702286e-01,-1.150638474397543548e-01,1.000000000000000000e+00
-4.657938726165402610e-01,5.631502763415650870e-02,1.000000000000000000e+00
-3.890319899738951537e-01,1.308845451778193614e-01,0.000000000000000000e+00
3.264932441010698350e-01,-1.392711241335567729e-01,0.000000000000000000e+00
-4.646811707293445060e-01,-4.835014323724415863e-01,1.000000000000000000e+00
-5.053254291857471880e-01,-1.018509844607671105e-01,1.000000000000000000e+00
3.649842343130573763e-01,-1.397685521487917748e-01,0.000000000000000000e+00
3.038623326318468099e-01,-3.435920776577588986e-01,0.000000000000000000e+00
3.972105569604132413e-01,5.115198581925314292e-01,1.000000000000000000e+00
3.530866986155208886e-01,-4.899753460525899662e-01,1.000000000000000000e+00
1.455703169674848196e-01,-4.757207333793902482e-01,1.000000000000000000e+00
-1.668154847909179006e-01,5.356579215196757282e-01,1.000000000000000000e+00
4.122110403582781579e-01,4.027241467081424386e-02,0.000000000000000000e+00
-3.923992383253542271e-01,2.473881317563668414e-01,0.000000000000000000e+00
-3.535451659788363399e-01,-2.838187276241553869e-01,0.000000000000000000e+00
-3.958358840453919392e-01,2.383524827794381296e-01,0.000000000000000000e+00
-3.293343441358047574e-01,3.588925878930995794e-01,0.000000000000000000e+00
2.139435511567767956e-01,3.380678432399192301e-01,0.000000000000000000e+00
-5.116594893595495241e-01,3.147358779638427251e-01,1.000000000000000000e+00
-4.468736138972463356e-01,-4.976401873397203746e-01,1.000000000000000000e+00
8.276179763849106363e-02,-3.254220454063572743e-01,0.000000000000000000e+00
-3.275419507141995590e-01,1.606969491386492236e-03,0.000000000000000000e+00
-3.700512934685128985e-01,-2.443674398587664109e-01,0.000000000000000000e+00
-2.136707667755554096e-01,3.038367004583831799e-01,0.000000000000000000e+00
-5.151034185110671126e-01,2.815134199529406023e-01,1.000000000000000000e+00
4.592604099312890265e-01,6.217719916036958810e-02,1.000000000000000000e+00
2.868730750469126178e-01,-2.969705888774391012e-01,0.000000000000000000e+00
-3.040288349060374928e-01,2.932344597300030054e-01,0.000000000000000000e+00
-5.491690992983685460e-01,5.411149781096127320e-01,1.000000000000000000e+00
-2.632271076940126964e-01,3.450941508764114318e-01,0.000000000000000000e+00
5.021645795041355109e-01,4.401534174672298572e-01,1.000000000000000000e+00
-2.735564345432658917e-01,5.354813761477738021e-01,1.000000000000000000e+00
-3.733544937124930740e-01,-3.120328120242516629e-02,0.000000000000000000e+00
1.622754601349519765e-01,-3.152123682648945158e-01,0.000000000000000000e+00
5.217251585704689720e-01,-3.092568324179478800e-01,1.000000000000000000e+00
5.046045316175886697e-01,6.692227332310586585e-02,1.000000000000000000e+00
3.414580475601029508e-01,-2.145607994536715135e-01,0.000000000000000000e+00
-3.957439593834252145e-01,5.006072728534445293e-01,1.000000000000000000e+00
-3.819953005157005199e-01,-2.929456161502254075e-01,0.000000000000000000e+00
-3.278508379489761815e-01,-9.334632343247292741e-02,0.000000000000000000e+00
-5.100221419776029830e-01,-5.052740022690898058e-01,1.000000000000000000e+00
4.997585690866773178e-01,-7.510979362543668270e-02,1.000000000000000000e+00
3.050708846151095055e-01,1.001835121966924563e-01,0.000000000000000000e+00
-6.487472222724974258e-02,-3.299436707067296970e-01,0.000000000000000000e+00
5.048303388308423845e-01,-4.182069043302721334e-01,1.000000000000000000e+00
-3.824335522273222265e-01,-3.344849038497435534e-01,0.000000000000000000e+00
-3.750332754336682117e-01,-1.664273819648768582e-01,0.000000000000000000e+00
3.649303126100856276e-01,-2.413556464322237916e-01,0.000000000000000000e+00
4.461359426288932783e-01,-4.796181084715885334e-01,1.000000000000000000e+00
5.450303497702133626e-01,-3.801802249433061665e-01,1.000000000000000000e+00
5.053810116909902561e-01,3.087498312986658999e-01,1.000000000000000000e+00
5.594275603325167545e-02,3.248408619580362422e-01,0.000000000000000000e+00
4.954273754785762374e-01,6.865327384562615320e-02,1.000000000000000000e+00
-5.224062106339040223e-01,1.262208205497791953e-02,1.000000000000000000e+00
-3.501904374579539181e-01,3.304138360017090936e-01,0.000000000000000000e+00
-3.721716171645689797e-01,-1.013462204791015092e-01,0.000000000000000000e+00
3.038042946831747138e-01,5.275923489365537122e-01,1.000000000000000000e+00
5.640145680286040575e-02,5.100132671149676389e-01,1.000000000000000000e+00
4.785574344238276434e-01,-9.989056852251390617e-02,1.000000000000000000e+00
4.585506825353031779e-01,-5.033863665797495557e-01,1.000000000000000000e+00
3.511291463984707595e-01,6.904320480072158317e-02,0.000000000000000000e+00
-4.165113271796753724e-01,5.464836583462907571e-01,1.000000000000000000e+00
4.593419515543292198e-01,-7.575540868166635855e-02,1.000000000000000000e+00
1.952090324416544398e-01,3.466294387226411255e-01,0.000000000000000000e+00
-3.353976613301269949e-01,1.299645969682121371e-01,0.000000000000000000e+00
-5.083776405048999747e-01,4.233162290586988119e-01,1.000000000000000000e+00
-2.112959602367823764e-01,4.390608910200161086e-01,1.000000000000000000e+00
5.278731139872570033e-01,2.725870421272710842e-01,1.000000000000000000e+00
-4.015237536562794168e-02,-5.003437121833883561e-01,1.000000000000000000e+00
-4.538824709092988408e-01,6.682034767261291197e-02,1.000000000000000000e+00
3.103165100328405535e-01,-3.409721716315033402e-01,0.000000000000000000e+00
3.500937899796036090e-01,3.652240585413630836e-01,0.000000000000000000e+00
3.328183053593555818e-01,4.602138031135492025e-01,1.000000000000000000e+00
-9.865473957283281414e-02,-3.500805554110788531e-01,0.000000000000000000e+00
3.672016648767063018e-01,4.735631588049617480e-01,1.000000000000000000e+00
3.361003742030257979e-01,9.317319294650518169e-02,0.000000000000000000e+00
5.006684595668658977e-01,-7.009680817289842825e-02,1.000000000000000000e+00
5.045862563395393519e-01,-4.685157236306356499e-01,1.000000000000000000e+00
1.827316475335395152e-01,3.382314375454317790e-01,0.000000000000000000e+00
2.134300465083171193e-03,-5.068199097382566354e-01,1.000000000000000000e+00
-5.204494401813701820e-01,2.978932886658744450e-01,1.000000000000000000e+00
-4.930271431224190204e-01,2.445639443788746592e-01,1.000000000000000000e+00
5.357891939362322553e-01,3.145804469852154228e-01,1.000000000000000000e+00
-5.365553542695105094e-01,-2.139233763373454000e-01,1.000000000000000000e+00
2.943509500303501114e-01,4.892824483603542829e-01,1.000000000000000000e+00
3.263462145978954232e-02,-3.340539860881603929e-01,0.000000000000000000e+00
-1.645216885438608584e-02,3.083956753708456677e-01,0.000000000000000000e+00
1.740176353275053878e-01,4.968357667090152474e-01,1.000000000000000000e+00
-4.699435001744162177e-01,-4.909140554970987114e-01,1.000000000000000000e+00
-3.694762805033247610e-01,-2.938690073691411775e-01,0.000000000000000000e+00
-1.297887517488073572e-01,-3.122584598482924800e-01,0.000000000000000000e+00
3.313942120305196082e-01,3.430652152064222471e-01,0.000000000000000000e+00
-2.696276676354913415e-01,-3.742186098277786033e-01,0.000000000000000000e+00
-1.632174395530757993e-01,-4.817410726110509800e-01,1.000000000000000000e+00
4.809409615818097672e-01,-4.318339415325456176e-01,1.000000000000000000e+00
3.138264916311047648e-01,-1.059045906534433479e-01,0.000000000000000000e+00
-1.493140111617523302e-01,4.155143461504559599e-01,0.000000000000000000e+00
2.960662008587503502e-01,3.313131705483655098e-01,0.000000000000000000e+00
-3.174913291945414828e-01,2.191668597143993369e-01,0.000000000000000000e+00
-1.125237792707960705e-01,4.799037398992119785e-01,1.000000000000000000e+00
-3.306426229878298706e-01,-3.142632103497599028e-01,0.000000000000000000e+00
-3.432652555387189497e-01,2.272629598737806178e-01,0.000000000000000000e+00
1.190004291442074008e-01,-3.706343058021878689e-01,0.000000000000000000e+00
-3.424501299040580982e-01,-4.925419207751041695e-01,1.000000000000000000e+00
4.731819642707716933e-01,4.769294171250793024e-01,1.000000000000000000e+00
4.637165375452243499e-01,-3.707567324480838256e-01,1.000000000000000000e+00
3.505464339554967834e-01,2.573813868177308173e-01,0.000000000000000000e+00
-5.010634768507448156e-01,-2.061714222140370312e-01,1.000000000000000000e+00
-6.959500716407754362e-02,5.382733087757206603e-01,1.000000000000000000e+00
-3.523111933867452139e-01,2.081852830849325042e-01,0.000000000000000000e+00
1.766296158657212900e-01,-4.975247922178980819e-01,1.000000000000000000e+00
2.835028678650968192e-01,3.237336540853127387e-01,0.000000000000000000e+00
1.192871657342401553e-01,4.923511856225402106e-01,1.000000000000000000e+00
4.890381385491348598e-01,-3.933723399473223470e-01,1.000000000000000000e+00
2.619384326327832135e-01,3.407458958871574239e-01,0.000000000000000000e+00
3.260186151839852831e-01,1.754994230517980258e-01,0.000000000000000000e+00
2.175732576820893494e-01,5.134582400819044379e-01,1.000000000000000000e+00
-4.430880220878835041e-01,-4.964388645622657692e-01,1.000000000000000000e+00
-3.449911629998753115e-01,-7.160447202415991252e-02,0.000000000000000000e+00
4.571488470987750685e-01,-3.040626634408410411e-01,1.000000000000000000e+00
3.623411021881215999e-01,2.332780339423427829e-01,0.000000000000000000e+00
1.452530616030058286e-01,3.621753831495094778e-01,0.000000000000000000e+00
2.520817343493628737e-01,3.290217649289446378e-01,0.000000000000000000e+00
4.896734064517307417e-01,5.247530345969798615e-01,1.000000000000000000e+00
4.658810442479391911e-01,2.559994108092623066e-01,1.000000000000000000e+00
4.994532522802729857e-01,4.936926415982328953e-01,1.000000000000000000e+00
4.932198165027458781e-01,1.132135643682642134e-01,1.000000000000000000e+00
-4.323863352966153539e-01,4.670706302798551257e-01,1.000000000000000000e+00
-3.446313272142873529e-01,3.547425653019998792e-01,0.000000000000000000e+00
-1.713375862578450093e-01,-5.425642538060447828e-01,1.000000000000000000e+00
2.275240913806537701e-01,-3.516908557516729705e-01,0.000000000000000000e+00
2.478178777291777102e-01,-3.384244561472736779e-01,0.000000000000000000e+00
-5.111756039221420078e-01,4.711122454316436503e-01,1.000000000000000000e+00
-3.067137398345162191e-01,3.526429998866788540e-01,0.000000000000000000e+00
-4.560610728504767564e-01,5.006940532906375418e-01,1.000000000000000000e+00
3.393614446807137752e-01,2.805050366519151184e-01,0.000000000000000000e+00
-1.503282526525660245e-01,-3.855493889823116138e-01,0.000000000000000000e+00
4.191434668582887102e-02,3.614090840870196053e-01,0.000000000000000000e+00
4.867832335266127908e-01,4.696921602909078786e-01,1.000000000000000000e+00
-9.901386825379232537e-02,4.972999040804760296e-01,1.000000000000000000e+00
1.597269685004632789e-01,4.814783323948981786e-01,1.000000000000000000e+00
4.847927212479626324e-01,-9.610573215627074561e-02,1.000000000000000000e+00
3.339818568952450106e-01,1.791443040933527187e-01,0.000000000000000000e+00
4.716422101569442971e-01,2.614286884615922568e-02,1.000000000000000000e+00
-5.194319240941989158e-01,-2.726777229319158335e-01,1.000000000000000000e+00
-1.567577587725061949e-01,-3.427239634181743488e-01,0.000000000000000000e+00
-1.760618543558431226e-01,-3.638531894581692461e-01,0.000000000000000000e+00
-4.832468525568175965e-01,3.123739380910534741e-02,1.000000000000000000e+00
3.484909376401915115e-01,1.416190614189734853e-01,0.000000000000000000e+00
4.822239850802222394e-01,4.333070876304958019e-01,1.000000000000000000e+00
-3.679917042634332502e-01,1.428450878656039591e-01,0.000000000000000000e+00
2.777001573950128588e-01,4.937895173323740283e-01,1.000000000000000000e+00
-3.317281603512153287e-01,-2.196530610491581048e-01,0.000000000000000000e+00
-4.589574192797554186e-01,-1.155997852350092309e-01,1.000000000000000000e+00
-6.154224156304334559e-02,3.568916637335193265e-01,0.000000000000000000e+00
1.797787815512893184e-01,-4.822903736915473139e-01,1.000000000000000000e+00
4.996055195719751318e-01,-2.039469903820820829e-01,1.000000000000000000e+00
-1.918717143439618300e-01,-4.877067472996617914e-01,1.000000000000000000e+00
5.238547395224690817e-01,-1.509862987159417136e-01,1.000000000000000000e+00
3.187445440091080662e-01,-5.136036188089502241e-01,1.000000000000000000e+00
-5.111803021863707830e-01,7.932505135005342434e-02,1.000000000000000000e+00
-2.842218721445629037e-01,-3.345969719169130108e-01,0.000000000000000000e+00
-5.116572510887547054e-01,-4.315868825366708239e-01,1.000000000000000000e+00
3.928707902169010779e-01,-1.011351998219330306e-01,0.000000000000000000e+00
4.791953491462484505e-01,2.554983831489664459e-01,1.000000000000000000e+00
3.543084784807297161e-01,1.337042755003838568e-01,0.000000000000000000e+00
-4.587695756395717139e-01,1.908319531676876124e-01,1.000000000000000000e+00
2.057325396887488278e-01,3.849640523031383488e-01,0.000000000000000000e+00
-4.900521975352289394e-01,-2.086125615789322096e-01,1.000000000000000000e+00
3.566761471525328742e-02,3.695644720210494172e-01,0.000000000000000000e+00
-4.569192937320919468e-01,3.961731558991951618e-02,1.000000000000000000e+00
-3.949384846781476277e-01,1.892801937912871879e-01,0.000000000000000000e+00
-3.410782117993600426e-01,3.116571934686196421e-01,0.000000000000000000e+00
-3.636414330867506761e-01,-1.614641092684908075e-01,0.000000000000000000e+00
5.037704551583148671e-01,2.954932835488202625e-01,1.000000000000000000e+00
1.099359938763773553e-01,3.436132303453057202e-01,0.000000000000000000e+00
8.700109011762972855e-02,5.421448075664825339e-01,1.000000000000000000e+00
-4.587988448408454878e-01,2.522290504693889823e-01,1.000000000000000000e+00
4.506643945882001234e-01,5.074678414998001763e-01,1.000000000000000000e+00
-4.844040798917981228e-01,-5.227661418057492071e-01,1.000000000000000000e+00
-2.462935649693287210e-01,-3.492535969590908063e-01,0.000000000000000000e+00
4.970457303908352165e-01,2.547729483426343089e-01,1.000000000000000000e+00
3.464328071981633284e-01,-2.883766599830181465e-01,0.000000000000000000e+00
4.693090894897398169e-01,1.513399862801483378e-02,1.000000000000000000e+00
-1.966315051393272284e-01,-3.509531846023733470e-01,0.000000000000000000e+00
5.128179380868099768e-01,-2.314904235453897896e-01,1.000000000000000000e+00
5.017149806870164763e-01,2.025327880046317586e-01,1.000000000000000000e+00
-3.431930974713729432e-01,-3.224691947126929192e-01,0.000000000000000000e+00
4.877568744406743373e-01,3.641782346428263928e-01,1.000000000000000000e+00
-5.474570250548165679e-02,-4.930175832680406822e-01,1.000000000000000000e+00
5.314436054374009899e-01,2.543801485722323955e-03,1.000000000000000000e+00
4.478341255144864252e-01,3.586968959880083158e-02,1.000000000000000000e+00
-5.010017864136944166e-01,1.458359031732948674e-01,1.000000000000000000e+00
-4.918061270675895824e-01,-1.526009625462246555e-01,1.000000000000000000e+00
5.363951987959211243e-01,-4.279280537947998120e-01,1.000000000000000000e+00
5.013873056360950153e-01,-1.821249911834166013e-01,1.000000000000000000e+00
-2.569397305879388416e-01,-3.871231399674988083e-01,0.000000000000000000e+00
5.017214447467283067e-02,4.469027495488610002e-01,1.000000000000000000e+00
-1.315615230438591521e-01,3.614896226208513808e-01,0.000000000000000000e+00
5.070014465009420324e-01,4.644814436745519082e-01,1.000000000000000000e+00
3.583949612443081967e-01,3.847633491768484015e-01,0.000000000000000000e+00
7.422969405005279409e-02,3.089662847794242273e-01,0.000000000000000000e+00
8.133727317487551844e-02,3.461241047970418094e-01,0.000000000000000000e+00
4.869817763191486293e-01,-5.016515065446622845e-01,1.000000000000000000e+00
3.776824891604021461e-01,-4.876051126363697419e-01,1.000000000000000000e+00
3.804144428435735081e-01,2.016728740471363523e-01,0.000000000000000000e+00
-1.832527113071727165e-01,-4.915329453638650481e-01,1.000000000000000000e+00
-1.481407793428246300e-01,5.508690636005288965e-01,1.000000000000000000e+00
-2.248591627774327861e-01,-3.763544477234730401e-01,0.000000000000000000e+00
-5.237708424250949735e-01,-1.346287278245417857e-02,1.000000000000000000e+00
3.569710962446466795e-01,3.639824745347720603e-01,0.000000000000000000e+00
2.665855095303418798e-01,3.234076102243612638e-01,0.000000000000000000e+00
4.892225915622310795e-01,-3.734241579203751993e-01,1.000000000000000000e+00
3.643187841714303765e-01,-3.459641930369427576e-01,0.000000000000000000e+00
5.169389258396929199e-01,4.121426562124176352e-01,1.000000000000000000e+00
3.959953748741512625e-02,-5.326795961270314184e-01,1.000000000000000000e+00
4.883139747593523428e-01,-2.928029347239490821e-01,1.000000000000000000e+00
4.784961653768834422e-01,1.661848472028124024e-01,1.000000000000000000e+00
3.714776048196382630e-01,1.071513613936920795e-01,0.000000000000000000e+00
-3.626159163548693942e-01,-4.797593355989971942e-01,1.000000000000000000e+00
-5.218327959017603490e-01,-2.508969645761351397e-01,1.000000000000000000e+00
-4.663115547375185632e-01,5.299934044103759012e-01,1.000000000000000000e+00
3.614038258956763783e-01,-2.097150695737785286e-01,0.000000000000000000e+00
-3.410605242007850313e-01,-2.508120385605365210e-01,0.000000000000000000e+00
-3.073938343257086592e-01,5.010270556535969533e-01,1.000000000000000000e+00
5.148366479900809978e-01,1.909705674283927734e-01,1.000000000000000000e+00
5.002546379678017852e-01,-4.507296846781633781e-01,1.000000000000000000e+00
-4.419074618297035295e-01,-5.549574084667623364e-01,1.000000000000000000e+00
-4.752332267343212791e-01,-3.477056848010660062e-01,1.000000000000000000e+00
-1.192237925748385191e-01,-3.249332853157552159e-01,0.000000000000000000e+00
-1.914196945025262164e-01,4.755776153316168542e-01,1.000000000000000000e+00
-3.352605019363695815e-01,-1.642348765542756828e-01,0.000000000000000000e+00
1.480805468462893792e-01,-2.955267119951272559e-01,0.000000000000000000e+00
-4.842587393264954909e-01,4.823437747112092611e-01,1.000000000000000000e+00
2.267468365465874491e-02,-3.336678824518027331e-01,0.000000000000000000e+00
-5.019628506293544179e-01,4.459465250827787108e-01,1.000000000000000000e+00
-3.604450145801519900e-01,-7.453273928432180284e-02,0.000000000000000000e+00
-2.509323444945402160e-01,3.189945915898056983e-01,0.000000000000000000e+00
-9.533159562200228809e-02,5.225013560691018633e-01,1.000000000000000000e+00
-1.610819154213880000e-01,3.950560557447636567e-01,0.000000000000000000e+00
-4.947928724226250963e-01,-6.524376133856483323e-03,1.000000000000000000e+00
-5.393592809368893404e-01,1.694059293146543410e-01,1.000000000000000000e+00
-3.933731070749457714e-02,5.049747373601296552e-01,1.000000000000000000e+00
5.497182979648848056e-01,4.784313920818999422e-01,1.000000000000000000e+00
4.062593910060575686e-01,5.279320866422048120e-01,1.000000000000000000e+00
1.861839103054868938e-01,-4.609023841290058598e-01,1.000000000000000000e+00
-7.230168492855095635e-03,3.504656842665338501e-01,0.000000000000000000e+00
-3.763581243726019099e-01,-2.772349675977714423e-01,0.000000000000000000e+00
-1.031436272410592575e-01,5.007636645260153951e-01,1.000000000000000000e+00
-3.490779117288733135e-01,1.427041250566574437e-01,0.000000000000000000e+00
-1.642373747765423220e-01,3.817441187578575756e-01,0.000000000000000000e+00
-3.819563864898035122e-01,4.822536454463474120e-01,1.000000000000000000e+00
3.504378903319554373e-01,2.858861498393665546e-01,0.000000000000000000e+00
2.124335212239801263e-01,-5.080906441152279740e-01,1.000000000000000000e+00
4.916552259911609046e-01,1.133525151774643774e-01,1.000000000000000000e+00
-3.494967724030615397e-01,2.044548468834881949e-01,0.000000000000000000e+00
-5.193755815806042619e-01,3.486527119502860761e-01,1.000000000000000000e+00
-1.689898022342073078e-02,5.108209405374998235e-01,1.000000000000000000e+00
-4.797820617005116306e-01,3.657745703144681948e-01,1.000000000000000000e+00
3.934300998082109202e-01,4.723969003550184675e-01,1.000000000000000000e+00
-3.302724454935836995e-01,-1.509007567687755680e-01,0.000000000000000000e+00
-5.000312113947121828e-01,1.075520730721420543e-01,1.000000000000000000e+00
3.460015053060739310e-01,1.839622797796477624e-02,0.000000000000000000e+00
-4.792010626695718534e-01,3.636731538683307674e-02,1.000000000000000000e+00
2.932747468899600252e-01,-3.350462386870878273e-01,0.000000000000000000e+00
-1.215618668595883634e-01,-3.119990178701984029e-01,0.000000000000000000e+00
4.935342121378963887e-01,-5.104463425804331989e-01,1.000000000000000000e+00
-3.489995318662091339e-01,2.806872114309339472e-01,0.000000000000000000e+00
-4.685053164148682558e-01,-3.867709226164542380e-02,1.000000000000000000e+00
3.179075472412066228e-01,-5.007155126046946014e-01,1.000000000000000000e+00
-3.835655502627587921e-01,2.063943168458921007e-01,0.000000000000000000e+00
1.179449354288193974e-01,-3.315016036758685058e-01,0.000000000000000000e+00
-1.379634393397252690e-01,3.828784416430243143e-01,0.000000000000000000e+00
-2.075750459773100243e-01,-3.419135631879143822e-01,0.000000000000000000e+00
1.732243472650920879e-01,5.049457041962467363e-01,1.000000000000000000e+00
2.417576032273883180e-01,3.524437700605546064e-01,0.000000000000000000e+00
-5.350380854001310915e-01,-5.176463635274254349e-01,1.000000000000000000e+00
3.539608461696382435e-01,1.010936071201627012e-01,0.000000000000000000e+00
3.214524645199038355e-01,-3.672721405151534169e-02,0.000000000000000000e+00
4.672257407389697192e-01,3.719936925366369995e-01,1.000000000000000000e+00
-3.116769736642467925e-01,-1.112855532570180689e-01,0.000000000000000000e+00
-4.572007458976444783e-01,-2.360544617711972382e-02,1.000000000000000000e+00
1.037103688539383305e-02,3.511533764738921093e-01,0.000000000000000000e+00
-2.344626556994613420e-01,3.260406379943359134e-01,0.000000000000000000e+00
4.979797096764064790e-01,2.120320941806860815e-01,1.000000000000000000e+00
3.188459070362353320e-01,4.824035241002388452e-01,1.000000000000000000e+00
-4.807303924823358443e-01,-4.250528936609209718e-01,1.000000000000000000e+00
-2.035956937781575049e-01,4.879788664781817831e-01,1.000000000000000000e+00
-5.175896388660846670e-01,-4.782065729130730025e-01,1.000000000000000000e+00
5.232286286942172682e-01,4.777538916689164084e-01,1.000000000000000000e+00
1.702712445990219314e-01,-5.092793138162259314e-01,1.000000000000000000e+00
3.019664914840683445e-01,-3.252544362613219997e-01,0.000000000000000000e+00
-5.160907818863335050e-01,3.250781345790090815e-02,1.000000000000000000e+00
2.218526666868730624e-01,-3.672224166651982813e-01,0.000000000000000000e+00
3.568661800903110692e-01,-8.963480369119482261e-02,0.000000000000000000e+00
-1.417690764625493538e-01,4.849094890995227503e-01,1.000000000000000000e+00
-8.952707920017564935e-02,3.677214893841784793e-01,0.000000000000000000e+00
1.138408457273809848e-01,3.605704643669165321e-01,0.000000000000000000e+00
4.220785852100218394e-01,-1.186436303450152802e-01,1.000000000000000000e+00
2.931580970378549478e-01,-3.661113008352760434e-01,0.000000000000000000e+00
4.521564332284623289e-01,4.370316785000893378e-01,1.000000000000000000e+00
-3.442809853545200638e-01,-3.665890394147844900e-01,0.000000000000000000e+00
-2.121034869947926171e-01,3.461481900393790778e-01,0.000000000000000000e+00
-4.108911543155281954e-01,-5.298402920187299525e-01,1.000000000000000000e+00
3.475459697198516884e-01,-3.180990620645454681e-01,0.000000000000000000e+00
-1.785118687705490592e-01,-3.278346434985971447e-01,0.000000000000000000e+00
-5.281466966972379190e-02,4.963161583854289183e-01,1.000000000000000000e+00
3.548475908119327338e-01,5.264951573733444024e-01,1.000000000000000000e+00
-3.506561654465396582e-01,-1.950882375614767517e-01,0.000000000000000000e+00
-3.471416210031905702e-01,-4.203707528366684709e-03,0.000000000000000000e+00
4.455909656489491222e-01,-5.185888378877083760e-01,1.000000000000000000e+00
3.552589841657453062e-01,1.188090537412141989e-01,0.000000000000000000e+00
2.979906779899741953e-01,4.998518148541691852e-01,1.000000000000000000e+00
5.341515017100832985e-01,5.447701150547337723e-02,1.000000000000000000e+00
3.736855277922807028e-01,-3.888778508014766877e-01,0.000000000000000000e+00
9.138109591892222550e-02,-5.153331556582175788e-01,1.000000000000000000e+00
4.928510212128706658e-01,-4.479910175076904921e-01,1.000000000000000000e+00
-3.874227748380206782e-01,-2.340166833922686096e-01,0.000000000000000000e+00
-1.008595801405782338e-01,-5.295779889332926649e-01,1.000000000000000000e+00
7.453441441644380328e-02,3.679724291382072687e-01,0.000000000000000000e+00
-3.195980854813534333e-01,1.738171692143747060e-01,0.000000000000000000e+00
-6.145102887192804841e-02,-3.535167975826989939e-01,0.000000000000000000e+00
-4.814081956324781641e-01,2.022475791904388420e-01,1.000000000000000000e+00
2.006040120590711906e-01,3.460246937111409737e-01,0.000000000000000000e+00
-1.301112597204349131e-01,-3.560014232324179573e-01,0.000000000000000000e+00
3.525039852022655573e-01,3.378893392029448939e-01,0.000000000000000000e+00
1.012038946169987602e-01,-3.381206223542687628e-01,0.000000000000000000e+00
5.318238437229977356e-01,4.052477062765772464e-01,1.000000000000000000e+00
-4.575967183292114493e-01,5.119380565947818928e-02,1.000000000000000000e+00
3.682545882782403135e-01,1.779429055022450912e-01,0.000000000000000000e+00
4.535629182101365564e-01,2.454175081822833338e-01,1.000000000000000000e+00
4.160581326953552428e-01,-5.095649534180866080e-01,1.000000000000000000e+00
-3.341449274627801835e-01,-4.778273918429031264e-01,1.000000000000000000e+00
4.335792444154242670e-02,3.719575939433132361e-01,0.000000000000000000e+00
-5.021613131001898545e-01,-7.193107980990248729e-02,1.000000000000000000e+00
5.061926594616705799e-01,4.283999806062659399e-01,1.000000000000000000e+00
-4.745430168608287258e-01,-3.747991103308557781e-01,1.000000000000000000e+00
4.667799659079041041e-01,4.836357466250604253e-01,1.000000000000000000e+00
-5.051804348352738616e-01,3.793413263298615057e-01,1.000000000000000000e+00
-3.645892481727325829e-01,-3.107567111909368962e-01,0.000000000000000000e+00
-1.035663076767254914e-02,-5.732274060440964991e-01,1.000000000000000000e+00
-5.055714580775871880e-01,2.199837474821557115e-01,1.000000000000000000e+00
1.783283242496936927e-01,3.744009381342231491e-01,0.000000000000000000e+00
3.110766516872684462e-01,2.529016628191151361e-01,0.000000000000000000e+00
-3.167527034666484109e-01,1.899663747938021841e-01,0.000000000000000000e+00
-1.289880706678931677e-01,3.411126306347886938e-01,0.000000000000000000e+00
-1.471502599652393679e-03,-4.700643076090358363e-01,1.000000000000000000e+00
5.371599813366596532e-01,2.167824733052539643e-01,1.000000000000000000e+00
-3.541471603209964680e-01,4.897445326804917842e-01,1.000000000000000000e+00
-5.345545472098284234e-01,-3.271572212617345210e-01,1.000000000000000000e+00
5.371695618521408200e-01,-2.036683968521789401e-02,1.000000000000000000e+00
-1.416594903169766384e-01,-3.510694929970891720e-01,0.000000000000000000e+00
-5.125449938451909215e-01,3.716558568982119559e-01,1.000000000000000000e+00
-3.485975131664774129e-01,6.015211944950404899e-02,0.000000000000000000e+00
-3.634609250088634558e-01,-1.100085744466310911e-01,0.000000000000000000e+00
2.526133979509798122e-01,-3.620835462945142802e-01,0.000000000000000000e+00
4.969087593526992364e-01,3.029935432489251346e-01,1.000000000000000000e+00
5.109375897518062537e-01,5.126242495365710417e-01,1.000000000000000000e+00
-3.930924068916815117e-01,2.730480302781875812e-01,0.000000000000000000e+00
-3.678254057427734480e-01,-6.293011958748738477e-02,0.000000000000000000e+00
-3.581449903410156010e-01,-2.668188187810099921e-01,0.000000000000000000e+00
-3.531192380260803065e-01,2.405737158885294380e-01,0.000000000000000000e+00
3.246831719057852172e-01,-2.858783912060524068e-01,0.000000000000000000e+00
-9.711935880345652639e-02,3.243175780731133995e-01,0.000000000000000000e+00
4.265242316509100795e-01,-5.080839132870064168e-01,1.000000000000000000e+00
2.909880554618589077e-01,-3.157652218988210580e-01,0.000000000000000000e+00
3.308418100259103989e-01,9.300928909223252217e-02,0.000000000000000000e+00
-3.820377835091033347e-01,1.441415697663613049e-01,0.000000000000000000e+00
3.978557424265703468e-01,-3.640742181641039021e-01,0.000000000000000000e+00
3.083510980800570067e-01,8.930058151071713565e-03,0.000000000000000000e+00
5.406662390575395216e-01,5.068008393340155820e-02,1.000000000000000000e+00
-1.102390364657723359e-01,3.447140427288610809e-01,0.000000000000000000e+00
-4.310795031441094216e-01,4.996248728242158599e-01,1.000000000000000000e+00
3.471647092339316121e-01,-1.882274286344187142e-01,0.000000000000000000e+00
3.770136031756371464e-01,-1.070839753455583021e-01,0.000000000000000000e+00
-5.964447802162219786e-02,4.598080855239205511e-01,1.000000000000000000e+00
3.614040902838783209e-01,6.572258104790291988e-02,0.000000000000000000e+00
2.118849627897452792e-01,4.763782450652997436e-01,1.000000000000000000e+00
-1.875728084690556630e-01,5.142697132345392941e-01,1.000000000000000000e+00
-1.842407157248062421e-01,-5.385699084573263296e-01,1.000000000000000000e+00
-4.802983350081115876e-01,-4.999895668396844850e-01,1.000000000000000000e+00
-4.677143402156256347e-01,5.093538771492700512e-01,1.000000000000000000e+00
5.102387944559423349e-01,-2.471375334787901112e-01,1.000000000000000000e+00
3.300101625082377255e-01,1.585665814490072878e-01,0.000000000000000000e+00
5.377909837471079868e-01,1.380120421302915568e-01,1.000000000000000000e+00
2.118716343368024502e-01,-3.926617061815246834e-01,0.000000000000000000e+00
-3.675445843029256920e-01,1.976797647891075926e-01,0.000000000000000000e+00
3.578740277147021143e-01,5.018321358001911481e-01,1.000000000000000000e+00
-4.884526546161429006e-01,2.152310606687466987e-01,1.000000000000000000e+00
-4.843377444212728089e-01,4.640061361240390703e-01,1.000000000000000000e+00
3.927709145636663624e-01,3.132938922724591846e-01,0.000000000000000000e+00
-5.353603760682256185e-01,9.284986944168301115e-02,1.000000000000000000e+00
4.984084627802612411e-01,8.787705806358740712e-02,1.000000000000000000e+00
-3.105017367582219023e-01,-2.892217856723592329e-01,0.000000000000000000e+00
4.279349184315960342e-01,4.291997032522752997e-01,1.000000000000000000e+00
-2.379387825069607665e-01,-3.229143334933929910e-01,0.000000000000000000e+00
2.387774843315751960e-01,-4.967344901001219948e-01,1.000000000000000000e+00
3.850172258610750076e-01,2.471927597720261771e-01,0.000000000000000000e+00
-4.837085947735554892e-01,-1.228092304852954342e-01,1.000000000000000000e+00
-3.626203864085125184e-01,-2.198552501524211056e-01,0.000000000000000000e+00
-5.325795240412107834e-01,-4.273845370386554765e-01,1.000000000000000000e+00
-5.032134079214012345e-01,2.502037508464591831e-01,1.000000000000000000e+00
-3.464388032802789286e-01,-3.280530936304693057e-02,0.000000000000000000e+00
1.997324587348593417e-01,4.672809121440347768e-01,1.000000000000000000e+00
3.904317768226231999e-01,-4.699381172948891572e-01,1.000000000000000000e+00
3.604024908603955524e-01,-2.547442036034678892e-01,0.000000000000000000e+00
-3.449773116699768050e-01,2.892089699194206331e-01,0.000000000000000000e+00
-8.891496680966924637e-02,-5.030632829413325124e-01,1.000000000000000000e+00
-1.358527665247598326e-01,3.488180571075937819e-01,0.000000000000000000e+00
4.577751187965155011e-01,5.166036012339663142e-01,1.000000000000000000e+00
4.714012822771598277e-01,4.803828147142638616e-01,1.000000000000000000e+00
-2.057231503953113050e-01,3.416104839104208146e-01,0.000000000000000000e+00
-3.974045557158285558e-01,1.246565471793157909e-01,0.000000000000000000e+00
-3.777687065571522784e-01,-4.800053465403557595e-01,1.000000000000000000e+00
3.429606142299974070e-01,1.035151189177567349e-01,0.000000000000000000e+00
-4.852653324505357690e-01,3.176675245842112694e-01,1.000000000000000000e+00
1.332520583111039270e-01,3.611195340601812132e-01,0.000000000000000000e+00
-8.689275598118481603e-02,5.255598080610517364e-01,1.000000000000000000e+00
-1.140207555227854136e-01,4.875447095353472315e-01,1.000000000000000000e+00
-1.045721586358204502e-01,4.892146414723828607e-01,1.000000000000000000e+00
-4.930254598674242428e-01,8.846042064300721486e-02,1.000000000000000000e+00
3.916756315901316343e-01,-5.132458445868739449e-01,1.000000000000000000e+00
4.815151174372451215e-01,4.132036822112364893e-01,1.000000000000000000e+00
-4.380776303529803073e-01,-4.906010008507185050e-01,1.000000000000000000e+00
-1.851016535355937964e-01,-2.906951532121745951e-01,0.000000000000000000e+00
3.154563747626253356e-01,-2.446526230998097295e-01,0.000000000000000000e+00
-2.129416212215015647e-01,3.471889060995177467e-01,0.000000000000000000e+00
-1.602784569559888572e-01,5.224466043300780571e-01,1.000000000000000000e+00
-3.573768945825465115e-01,4.668544904144171157e-03,0.000000000000000000e+00
-3.225307885833175181e-01,8.351046327645147982e-02,0.000000000000000000e+00
1.462466242218428136e-01,-3.149935947968014460e-01,0.000000000000000000e+00
3.543670023224542165e-01,2.764853149845609703e-01,0.000000000000000000e+00
4.586799089436789378e-01,4.486700797079333225e-01,1.000000000000000000e+00
-5.266481704679222275e-01,1.715361329619111141e-01,1.000000000000000000e+00
2.428585369411324080e-01,3.515974047912544531e-01,0.000000000000000000e+00
-4.598169960191485495e-01,2.556939747390858941e-01,1.000000000000000000e+00
-1.831722023102824726e-01,-4.758511535289532413e-01,1.000000000000000000e+00
-4.818922170192219134e-01,3.620863620409833783e-01,1.000000000000000000e+00
-4.395602561953596554e-01,4.806701872444140156e-01,1.000000000000000000e+00
4.627516747944626641e-01,-4.624116969220378737e-01,1.000000000000000000e+00
-1.484917799769315261e-01,-3.281334369502788562e-01,0.000000000000000000e+00
-3.660544488732313945e-02,4.828899610964893507e-01,1.000000000000000000e+00
9.193324868452390497e-02,-3.322178561097390292e-01,0.000000000000000000e+00
5.281989156233345417e-01,-4.206890267602819700e-01,1.000000000000000000e+00
-3.526206950706803345e-01,1.220139072942254127e-01,0.000000000000000000e+00
-3.251685695640611495e-01,1.962820675270754434e-01,0.000000000000000000e+00
4.916344598511469544e-01,-3.094220256094649124e-01,1.000000000000000000e+00
-3.280110725672154004e-01,-5.567971239298476205e-02,0.000000000000000000e+00
-4.924998335247060544e-01,1.968520844999597369e-02,1.000000000000000000e+00
-3.584475718007425898e-02,-3.718877288285345473e-01,0.000000000000000000e+00
-3.563067695153031011e-01,2.136628681577351363e-01,0.000000000000000000e+00
-5.571400295382016310e-01,5.131509249824148799e-01,1.000000000000000000e+00
3.593981856441869627e-01,2.148864494742578624e-01,0.000000000000000000e+00
-4.027300098861976152e-01,4.771601372505723249e-01,1.000000000000000000e+00
3.702435182703611716e-01,2.258008381639616535e-01,0.000000000000000000e+00
5.269982804285633371e-01,-4.568059752865937795e-01,1.000000000000000000e+00
3.773541747860985618e-01,-1.992653547925177238e-01,0.000000000000000000e+00
3.226439761741227152e-01,-2.238523931041285775e-01,0.000000000000000000e+00
-3.002480183036454475e-01,4.963090646371290382e-01,1.000000000000000000e+00
5.282952989207113648e-01,2.991749702548193723e-02,1.000000000000000000e+00
1.057203565745001156e-01,-3.078817760281514770e-01,0.000000000000000000e+00
-4.875145809744490522e-01,-2.893761521160792202e-02,1.000000000000000000e+00
2.889890957626069512e-01,-3.143265578643251734e-01,0.000000000000000000e+00
-3.266857442525746280e-01,-1.696855934381089615e-01,0.000000000000000000e+00
1.708772507635491766e-01,3.246885711814048170e-01,0.000000000000000000e+00
3.933291117564609585e-01,5.312642458135858892e-01,1.000000000000000000e+00
4.941365491272812216e-01,6.133826757217709230e-02,1.000000000000000000e+00
-4.188772067501327773e-02,4.784161104664554354e-01,1.000000000000000000e+00
-3.241098567153876120e-01,6.234865452773896699e-02,0.000000000000000000e+00
-5.033742678915677921e-02,3.535416791217882437e-01,0.000000000000000000e+00
3.860498670110670133e-02,-3.497216093164832729e-01,0.000000000000000000e+00
-5.336018593668356846e-01,-8.864839518865212653e-02,1.000000000000000000e+00
-7.215954312392852676e-02,3.625004173964325171e-01,0.000000000000000000e+00
1.813616361877782579e-01,4.642050555483740459e-01,1.000000000000000000e+00
-3.943443503270602224e-01,4.842754823102182749e-01,1.000000000000000000e+00
-5.267518128017744106e-01,-3.512991353664317584e-01,1.000000000000000000e+00
4.844729325574655410e-01,3.402923070029361674e-01,1.000000000000000000e+00
2.945875079670764451e-01,5.433643043730926880e-01,1.000000000000000000e+00
-1.409810378155252064e-01,3.225427642168813280e-01,0.000000000000000000e+00
-8.942561953339453473e-02,-3.643153338260197160e-01,0.000000000000000000e+00
3.284696111650339256e-01,2.798735219565094967e-01,0.000000000000000000e+00
2.145495273292187810e-01,3.372601216763410625e-01,0.000000000000000000e+00
1.206272373146686644e-01,5.274645412057786809e-01,1.000000000000000000e+00
4.968233209290370822e-01,-2.767403485569337462e-01,1.000000000000000000e+00
5.203363061278526436e-01,-4.742844915417265272e-01,1.000000000000000000e+00
-3.618322648728699575e-01,-4.974625793886739561e-02,0.000000000000000000e+00
-3.688466420890574859e-01,1.273458812971098586e-01,0.000000000000000000e+00
3.138928655553744340e-01,4.777952947228621960e-01,1.000000000000000000e+00
2.429749613095630034e-01,-3.444606400448999572e-01,0.000000000000000000e+00
-3.606063154525217529e-01,-3.369679214504511244e-01,0.000000000000000000e+00
-3.287731781826584432e-01,-1.682286102022550189e-01,0.000000000000000000e+00
-1.740151802742163356e-01,5.407375010808082028e-01,1.000000000000000000e+00
-2.057911496153302100e-01,-3.305692989461216369e-01,0.000000000000000000e+00
4.924999105765551222e-01,2.984306935021761586e-01,1.000000000000000000e+00
1.737650297416969136e-01,-3.248360233801440566e-01,0.000000000000000000e+00
1.502912082041961590e-02,4.464172983690327667e-01,1.000000000000000000e+00
3.814375112647301891e-01,-3.949229630643731892e-01,0.000000000000000000e+00
-2.455223862707495430e-01,3.448915265774237793e-01,0.000000000000000000e+00
3.907012069217434824e-01,4.888021290396115104e-01,1.000000000000000000e+00
-4.950321234582300556e-01,-3.797260194329722394e-01,1.000000000000000000e+00
-3.607301025617367651e-01,5.354965993049108919e-01,1.000000000000000000e+00
1.278848178358837906e-01,-3.258723347983895624e-01,0.000000000000000000e+00
-4.036965025137723151e-01,-5.169891966441270137e-01,1.000000000000000000e+00
-3.394052937862630515e-01,4.469634790994416601e-02,0.000000000000000000e+00
-7.738674732554003122e-02,4.850832286115422387e-01,1.000000000000000000e+00
1.664096778040646540e-01,-3.641764553130045212e-01,0.000000000000000000e+00
3.747060143435674284e-01,3.002708435604538595e-01,0.000000000000000000e+00
-3.371524262430020680e-01,1.819756718890918612e-01,0.000000000000000000e+00
3.362469380395273766e-01,4.807787710081297683e-01,1.000000000000000000e+00
3.207726063169493158e-01,-2.996366115336606684e-01,0.000000000000000000e+00
-2.002770008872731267e-01,-5.275875941682094394e-01,1.000000000000000000e+00
3.356186001298470112e-01,1.035926189869889463e-02,0.000000000000000000e+00
3.037717318181136772e-01,-5.106201433696801878e-02,0.000000000000000000e+00
-3.852488034599036437e-01,-2.070674156007011324e-01,0.000000000000000000e+00
3.157535124511764435e-01,-1.213288568039465748e-01,0.000000000000000000e+00
5.194865132814765474e-01,4.627907634326397512e-01,1.000000000000000000e+00
-1.459610402232288384e-01,3.545857161666881030e-01,0.000000000000000000e+00
3.571978858053819206e-01,-1.043702859372731134e-01,0.000000000000000000e+00
-4.817892393700237696e-01,4.853906181172169543e-01,1.000000000000000000e+00
2.478622107768806981e-01,-3.591397865056158989e-01,0.000000000000000000e+00
-4.583055026778940499e-01,-3.163768098629775039e-01,1.000000000000000000e+00
5.147009437184952851e-01,-3.045544411952086916e-01,1.000000000000000000e+00
3.889252510383039985e-01,-1.903676182559290164e-01,0.000000000000000000e+00
2.862362577404345965e-01,3.721006799356581518e-01,0.000000000000000000e+00
-2.639069316538468213e-01,4.495114978653319548e-01,1.000000000000000000e+00
-4.753947749431787773e-01,2.828849547289545852e-01,1.000000000000000000e+00
4.953051269506298371e-01,3.051568352313880350e-01,1.000000000000000000e+00
4.374171810323340681e-01,-5.121734326234983481e-01,1.000000000000000000e+00
-4.973336831584943551e-01,-3.823886157115384821e-01,1.000000000000000000e+00
4.876696403222375298e-01,-2.757489237430863493e-01,1.000000000000000000e+00
2.501281634814006560e-01,-5.148825076923073674e-01,1.000000000000000000e+00
5.291037941556241408e-01,-3.216943086610177249e-01,1.000000000000000000e+00
-1.470875988998785466e-01,-3.441926498203350393e-01,0.000000000000000000e+00
5.182232466846309338e-01,-3.454045206793592837e-01,1.000000000000000000e+00
-1.869057269177252512e-01,2.855237313702631008e-01,0.000000000000000000e+00
-1.204795660134219334e-02,-3.265622653472817216e-01,0.000000000000000000e+00
-3.840472976579750730e-01,4.919685265735497803e-01,1.000000000000000000e+00
4.877858444811343785e-01,-1.739467555014389266e-01,1.000000000000000000e+00
-5.260573408239086618e-02,-3.583199554351113592e-01,0.000000000000000000e+00
-3.569157987923605169e-01,3.753437636874564776e-01,0.000000000000000000e+00
-1.144957398146505684e-01,-5.126667256507096981e-01,1.000000000000000000e+00
-3.932501959804089453e-01,-4.844443632061236071e-01,1.000000000000000000e+00
-5.932548460584897640e-03,-4.619307977373953156e-01,1.000000000000000000e+00
-5.139241030144722222e-01,3.348094127435295442e-01,1.000000000000000000e+00
1.936297029313513440e-01,3.040455815082496738e-01,0.000000000000000000e+00
-3.073851772069491339e-01,-3.663259320851606771e-01,0.000000000000000000e+00
6.990561647117171651e-02,-3.452887729467482569e-01,0.000000000000000000e+00
2.145395486593932866e-01,3.206041253015442516e-01,0.000000000000000000e+00
-1.871826851012104997e-01,-3.571814328116698078e-01,0.000000000000000000e+00
1.833108916379171949e-01,-3.499280974335249317e-01,0.000000000000000000e+00
-3.490850676770937966e-01,2.728199966526522746e-01,0.000000000000000000e+00
4.978944175868151301e-01,3.048350121813958591e-01,1.000000000000000000e+00
-5.104881027106535907e-01,-4.009363027161617077e-01,1.000000000000000000e+00
-5.136320824367068827e-01,5.231108505489627802e-01,1.000000000000000000e+00
-3.159306146951018079e-01,-5.124153799620962957e-01,1.000000000000000000e+00
-3.753033297455576900e-01,-1.722812363895733501e-01,0.000000000000000000e+00
-3.488965070288048143e-01,8.107167920413735351e-02,0.000000000000000000e+00
-1.250917826873230443e-01,-5.404614831057993340e-01,1.000000000000000000e+00
1.481933091180828999e-01,3.642777455532455466e-01,0.000000000000000000e+00
3.364076492579305411e-01,-9.885341429610859654e-02,0.000000000000000000e+00
-2.230010867566085964e-01,3.226526235816398747e-01,0.000000000000000000e+00
-1.330445011356506113e-01,-3.551449200933519679e-01,0.000000000000000000e+00
3.592178327112358072e-01,-4.673369619269349684e-01,1.000000000000000000e+00
4.756656008110812794e-01,4.362161260332846346e-01,1.000000000000000000e+00
5.059771770093399734e-01,-2.959837622555460124e-01,1.000000000000000000e+00
2.797005714683732380e-01,-4.848028138429511524e-01,1.000000000000000000e+00
-1.480790191693260316e-01,3.266670939943269181e-01,0.000000000000000000e+00
4.991381238477900495e-01,3.864642245413040245e-01,1.000000000000000000e+00
-2.353334431530218485e-01,-3.518169474775947325e-01,0.000000000000000000e+00
4.948541493695315374e-01,1.642519087895683016e-01,1.000000000000000000e+00
-2.832031269014174124e-01,3.405613270235177681e-01,0.000000000000000000e+00
4.941437981498514875e-01,-5.213660682178111738e-01,1.000000000000000000e+00
1.438784584876338923e-01,3.585606837821706527e-01,0.000000000000000000e+00
-3.444143471951325863e-01,2.354524894964479809e-01,0.000000000000000000e+00
4.116080483378841137e-01,5.488327331838944306e-02,0.000000000000000000e+00
3.548457934232103206e-01,-1.646387684599982457e-02,0.000000000000000000e+00
9.221624861422009212e-02,-3.783001283419332172e-01,0.000000000000000000e+00
1.931288608637965823e-02,-3.359754749217060410e-01,0.000000000000000000e+00
-3.159264763197997539e-01,-1.934458559850045500e-02,0.000000000000000000e+00
1.713441046665037382e-01,-3.302060871089133598e-01,0.000000000000000000e+00
3.432997554150472030e-01,-2.209470669242900032e-01,0.000000000000000000e+00
-3.206630188211069821e-01,4.875847947567620855e-01,1.000000000000000000e+00
-7.271157634506783540e-02,-5.334096545580698789e-01,1.000000000000000000e+00
-4.969989719475972900e-01,-1.781762028902524608e-01,1.000000000000000000e+00
-4.357018961193949713e-01,5.115367219360285045e-01,1.000000000000000000e+00
4.988379710991777682e-01,3.436699230833923369e-01,1.000000000000000000e+00
1.842342360048035976e-01,-3.391611416816707747e-01,0.000000000000000000e+00
-5.009499003363379055e-01,4.400494189785540688e-02,1.000000000000000000e+00
5.204038836441273741e-01,-5.428512867442683021e-01,1.000000000000000000e+00
3.308012852065795872e-01,-2.827688945665174924e-01,0.000000000000000000e+00
2.768959413951634918e-01,-5.191747612639887599e-01,1.000000000000000000e+00
4.743498187093554419e-01,-2.216443247707252651e-01,1.000000000000000000e+00
-3.385093389432640154e-01,-8.896098549266240330e-02,0.000000000000000000e+00
-5.000895801488646208e-01,-2.807709087858581976e-01,1.000000000000000000e+00
5.081593772431747258e-01,2.937546298498834862e-01,1.000000000000000000e+00
-3.870782156993453071e-01,-2.754138130537466811e-01,0.000000000000000000e+00
2.371602416964630200e-01,-3.487479339633866027e-01,0.000000000000000000e+00
-3.289096098366018350e-01,1.062888824751807293e-01,0.000000000000000000e+00
-3.230163982973591752e-01,3.662510493262692290e-01,0.000000000000000000e+00
4.908957547771061192e-01,3.053192237114975005e-01,1.000000000000000000e+00
1.292803629144445021e-01,-5.059670392732958932e-01,1.000000000000000000e+00
-4.970944390115561995e-01,4.026289179207889202e-01,1.000000000000000000e+00
1.499365609631603535e-01,-3.014135787178294223e-01,0.000000000000000000e+00
6.267431331153995588e-02,5.127074796398493062e-01,1.000000000000000000e+00
-3.645842001705324464e-01,2.453995693313958670e-01,0.000000000000000000e+00
-5.231651192077151347e-01,-2.322327470745302047e-01,1.000000000000000000e+00
3.950115690615056963e-01,3.709163519351162119e-02,0.000000000000000000e+00
-4.701224056634131232e-01,-1.940507143249730060e-01,1.000000000000000000e+00
5.129126861070439913e-01,4.802959437626915240e-01,1.000000000000000000e+00
-3.602323749160238897e-01,-1.972659136169531424e-01,0.000000000000000000e+00
-3.288359630526999089e-01,-3.395229501798044391e-01,0.000000000000000000e+00
-1.253593170117338618e-01,3.599276559112444263e-01,0.000000000000000000e+00
2.572087597561183506e-03,5.124911738777991888e-01,1.000000000000000000e+00
-4.695329042505700934e-01,-4.428982424863399658e-01,1.000000000000000000e+00
4.220322402549930157e-02,-3.561555690319107570e-01,0.000000000000000000e+00
3.270503923498845888e-01,2.448186567952067849e-01,0.000000000000000000e+00
1.366397355078911025e-01,3.337035875017352327e-01,0.000000000000000000e+00
7.516595640290356373e-02,3.056313796202837496e-01,0.000000000000000000e+00
-4.881659768624380114e-01,4.451700268928018289e-01,1.000000000000000000e+00
3.161309221038413053e-01,-3.449107332131630677e-01,0.000000000000000000e+00
-3.637464216824097263e-01,2.359015360522738469e-01,0.000000000000000000e+00
1.077466953739538713e-01,-5.000224981667776847e-01,1.000000000000000000e+00
-4.614427962300080566e-01,-1.129191175696823285e-02,1.000000000000000000e+00
-3.616583990915449021e-01,3.715537014221066414e-01,0.000000000000000000e+00
1.056318441929713081e-01,-4.970353344112476979e-01,1.000000000000000000e+00
3.543044643565041452e-01,-3.622092647607413896e-01,0.000000000000000000e+00
-5.241484029614925655e-01,3.334643147009372921e-01,1.000000000000000000e+00
-5.355651187242258526e-01,-1.707331856443345952e-01,1.000000000000000000e+00
-2.776878207445410141e-01,-3.990306747341253457e-01,0.000000000000000000e+00
4.981940310332083066e-01,2.830326123821990114e-01,1.000000000000000000e+00
1.745512254084862214e-01,3.577781111523413160e-01,0.000000000000000000e+00
3.230409727295804889e-01,3.017504999824611178e-01,0.000000000000000000e+00
5.265400042508815437e-01,3.947389976978998849e-01,1.000000000000000000e+00
4.703778138857057645e-01,5.236492798154845918e-02,1.000000000000000000e+00
-3.048687077842394677e-01,-2.431119128021580478e-01,0.000000000000000000e+00
-1.718438273480443756e-02,-5.207596501335097772e-01,1.000000000000000000e+00
4.869575868763046378e-01,-1.814452138328256081e-01,1.000000000000000000e+00
5.194401820335560194e-01,1.289092832348578271e-02,1.000000000000000000e+00
-1.428549257719838039e-01,3.602018662336541888e-01,0.000000000000000000e+00
3.323343701695181673e-01,4.592499337244072555e-01,1.000000000000000000e+00
4.320080158919346047e-01,2.975040602574268722e-01,1.000000000000000000e+00
-1.190563284305565100e-01,3.225849563226820260e-01,0.000000000000000000e+00
5.004122871745215750e-01,9.966345859785813444e-02,1.000000000000000000e+00
-4.460823086039767543e-02,3.194555916326307088e-01,0.000000000000000000e+00
2.730129308701929047e-01,-3.336809637662821459e-01,0.000000000000000000e+00
-3.135264817350668642e-01,-1.960412732572555661e-01,0.000000000000000000e+00
1.400893661239282773e-01,-3.542469489949230943e-01,0.000000000000000000e+00
5.022706481759081631e-01,4.725114415975081306e-01,1.000000000000000000e+00
3.379651843988091264e-01,-2.194911378193354357e-01,0.000000000000000000e+00
3.849266325328435379e-01,-2.294421181768153128e-01,0.000000000000000000e+00
3.874428756829890741e-01,1.501134548441551697e-01,0.000000000000000000e+00
2.870437524245774141e-01,-5.141316800634112560e-01,1.000000000000000000e+00
-3.050057204633313535e-01,-5.765184703272026139e-03,0.000000000000000000e+00
3.223827463198597476e-01,7.072204773649309884e-02,0.000000000000000000e+00
-2.069710991330439287e-01,-3.601782582770811647e-01,0.000000000000000000e+00
-1.563507480767803437e-02,3.342860604938852065e-01,0.000000000000000000e+00
3.378227142072043887e-01,-2.621018602402637732e-01,0.000000000000000000e+00
-1.330314456353090813e-01,3.724741848647014630e-01,0.000000000000000000e+00
3.627718705473104155e-01,-1.561517379713292242e-01,0.000000000000000000e+00
3.828538608453486702e-01,-4.240078935541873734e-02,0.000000000000000000e+00
2.918577419002015838e-01,-3.392697675838380333e-01,0.000000000000000000e+00
-3.843806355111724082e-01,-2.450290771631480902e-01,0.000000000000000000e+00
-6.629603466894407049e-02,-3.361467188228878245e-01,0.000000000000000000e+00
8.958490569368220136e-02,-3.874872872534690371e-01,0.000000000000000000e+00
4.489201465769611654e-01,5.026458660904195019e-01,1.000000000000000000e+00
-3.510678306178188768e-01,-4.784872563222598019e-01,1.000000000000000000e+00
2.584312074236078671e-01,-3.092195123086616260e-01,0.000000000000000000e+00
-4.126311771587871657e-01,-4.924631921284576830e-01,1.000000000000000000e+00
-4.935941825501140023e-01,-1.901186865147316829e-02,1.000000000000000000e+00
-4.735745983001813514e-02,5.214415477530612852e-01,1.000000000000000000e+00
3.472352374297947852e-01,-2.016723307745829918e-01,0.000000000000000000e+00
4.891892005355388817e-01,-1.492421660076686807e-01,1.000000000000000000e+00
-4.830301782916538583e-02,5.269259368236883789e-01,1.000000000000000000e+00
2.515425621703085701e-01,3.443793359682462141e-01,0.000000000000000000e+00
4.419527958920695943e-01,-4.855939545943274149e-01,1.000000000000000000e+00
1.946942182270164703e-02,5.143652229323143477e-01,1.000000000000000000e+00
3.610355242406386722e-01,-4.877542945288183551e-01,1.000000000000000000e+00
1.117347692924808844e-01,-5.164700535422878103e-01,1.000000000000000000e+00
3.350770722054201012e-01,-1.011347432110150935e-01,0.000000000000000000e+00
-3.023966819056254085e-01,4.944260204257405200e-01,1.000000000000000000e+00
3.538044243897066621e-01,-6.146660413775880544e-02,0.000000000000000000e+00
2.239732467469921981e-02,4.906468419933923686e-01,1.000000000000000000e+00
4.996637132660652347e-01,-4.552502164502746362e-01,1.000000000000000000e+00
-3.685991642237023691e-01,-5.203867992310015067e-01,1.000000000000000000e+00
1.022412191788973218e-01,-5.102650447830011649e-01,1.000000000000000000e+00
5.120242462508656223e-01,-2.816117024112322342e-01,1.000000000000000000e+00
2.254110909013488651e-01,-3.341142390345183122e-01,0.000000000000000000e+00
-3.713207442068591768e-01,-1.285198652092245930e-01,0.000000000000000000e+00
3.667390585127270342e-01,-2.898454615767563913e-01,0.000000000000000000e+00
5.251104798065405754e-01,-4.373849049369300523e-01,1.000000000000000000e+00
2.901105530434323065e-01,3.318408541953474233e-01,0.000000000000000000e+00
-3.786859047039185522e-01,-4.956885350829635661e-01,1.000000000000000000e+00
-3.658383475615100133e-01,-2.627379570088497762e-01,0.000000000000000000e+00
2.428264116207501933e-01,3.347796220645716803e-01,0.000000000000000000e+00
3.443469382559010694e-01,-1.692202600642588872e-01,0.000000000000000000e+00
-5.481451434364881248e-01,1.819309197029339575e-01,1.000000000000000000e+00
-3.987940253066953322e-01,2.526166232973579007e-01,0.000000000000000000e+00
1.138255212228860558e-01,-5.309985137456839643e-01,1.000000000000000000e+00
3.734646284062441701e-01,3.417115777577299229e-01,0.000000000000000000e+00
1.982376925016625380e-01,4.745187212623717676e-01,1.000000000000000000e+00
-5.128140557856530890e-01,-3.971729376063505845e-01,1.000000000000000000e+00
4.910220851233528805e-01,5.736122605333668356e-02,1.000000000000000000e+00
2.066382198414763727e-01,-4.735357025598658232e-01,1.000000000000000000e+00
4.872748540352169755e-01,2.942723404556948363e-01,1.000000000000000000e+00
-4.764180686073354321e-01,-5.028916268511586241e-01,1.000000000000000000e+00
4.863161106425333280e-01,2.128886855529114608e-01,1.000000000000000000e+00
3.167115805603872292e-01,4.862300143573289879e-01,1.000000000000000000e+00
5.198010374605743777e-01,2.566089420090911788e-01,1.000000000000000000e+00
1.243812525433323456e-02,5.036026621280808024e-01,1.000000000000000000e+00
-2.987534310500604418e-02,-3.558364519915579449e-01,0.000000000000000000e+00
-5.027968099224074949e-01,4.969501206806434951e-02,1.000000000000000000e+00
-3.331074214157087043e-01,1.363366696502046060e-01,0.000000000000000000e+00
2.670582809204823382e-01,3.157357020509827805e-01,0.000000000000000000e+00
5.077641177605120015e-01,1.188525609562130353e-01,1.000000000000000000e+00
3.373240841968638826e-01,2.616517043743947779e-01,0.000000000000000000e+00
4.497304432853530543e-01,1.810226624319592748e-01,1.000000000000000000e+00
-4.901858185508711774e-01,-4.231907723275455946e-01,1.000000000000000000e+00
5.345048022047605091e-04,-3.226945514664844028e-01,0.000000000000000000e+00
-2.209722198236306889e-01,-5.174662558576939020e-01,1.000000000000000000e+00
-1.559804591536878837e-01,-3.630406306810085026e-01,0.000000000000000000e+00
-3.624223286209617423e-01,-1.044301447568545260e-01,0.000000000000000000e+00
-1.235265387446380092e-01,-3.333739595460327165e-01,0.000000000000000000e+00
5.790234884721098124e-02,3.682887895465538075e-01,0.000000000000000000e+00
1.865359093421123104e-01,5.079912445783518748e-01,1.000000000000000000e+00
-4.897536365390044999e-01,-2.265116572620850255e-01,1.000000000000000000e+00
4.886665641965370899e-01,-3.618452543332912330e-01,1.000000000000000000e+00
-3.285266479358056047e-01,-3.723177038218424828e-01,0.000000000000000000e+00
7.395900229390180158e-02,-4.881598985759085241e-01,1.000000000000000000e+00
-2.244743139087783390e-01,3.575914118381569584e-01,0.000000000000000000e+00
-3.758489246703195508e-01,-3.688972273016500880e-01,0.000000000000000000e+00
3.977335656389276997e-01,3.402635149048958141e-01,0.000000000000000000e+00
2.908814061541634133e-02,-3.915968281109432070e-01,0.000000000000000000e+00
-3.725205691052257406e-01,-3.036428716685361517e-01,0.000000000000000000e+00
-3.123522162107152944e-01,2.142243387169264768e-01,0.000000000000000000e+00
4.665552338946546418e-01,-4.827737892645507234e-01,1.000000000000000000e+00
4.862978203131866350e-01,-4.999077205264981782e-02,1.000000000000000000e+00
-4.953270531387409803e-01,-5.413287458141330388e-01,1.000000000000000000e+00
-3.325170514756977114e-01,-2.543449922094111471e-01,0.000000000000000000e+00
-8.512744454325243959e-02,3.596541594274592080e-01,0.000000000000000000e+00
3.874669642618110976e-01,5.025216765814327635e-01,1.000000000000000000e+00
-4.766218197640613718e-01,-3.355048903383909820e-01,1.000000000000000000e+00
-5.095456002404845641e-01,3.301754538411489914e-01,1.000000000000000000e+00
3.599574021549372671e-01,-3.491757707100681118e-01,0.000000000000000000e+00
-4.686056279564624338e-01,-3.993579112703400658e-02,1.000000000000000000e+00
5.305719361763352460e-01,1.532261413049402221e-01,1.000000000000000000e+00
-2.978372492786202641e-01,-2.618707315998772267e-01,0.000000000000000000e+00
3.352310711772509277e-01,7.694407964082507212e-02,0.000000000000000000e+00
4.660015016965479706e-01,-5.242992573466394024e-01,1.000000000000000000e+00
-3.194702042812997411e-01,4.701685541631490106e-01,1.000000000000000000e+00
3.587566479890507143e-01,1.647492202357863089e-01,0.000000000000000000e+00
6.929447816565177665e-02,3.175909902931142170e-01,0.000000000000000000e+00
-2.189539388583377766e-01,-3.476743963888944133e-01,0.000000000000000000e+00
2.921556721706949356e-01,-2.885309465823581165e-01,0.000000000000000000e+00
-4.700423977143601828e-01,-4.789357074571747863e-01,1.000000000000000000e+00
4.614269638211427327e-01,2.961660585190990097e-02,1.000000000000000000e+00
4.338847739351001653e-01,4.899559064468375080e-01,1.000000000000000000e+00
1.413027614407276200e-01,-4.896192151044585494e-01,1.000000000000000000e+00
-4.831583957172714827e-01,2.070815398754861092e-01,1.000000000000000000e+00
-4.538899602654759315e-03,-3.699478299141686355e-01,0.000000000000000000e+00
3.278280099032140349e-01,5.369097819393895549e-02,0.000000000000000000e+00
-3.854838477994420587e-01,5.158596668297262822e-01,1.000000000000000000e+00
-3.907318942489715341e-01,2.944716696024222147e-01,0.000000000000000000e+00
-5.034766037576170472e-01,2.626059739323655107e-01,1.000000000000000000e+00
4.768344329543352522e-01,-4.785582448856149917e-01,1.000000000000000000e+00
-1.896414268298071415e-01,-4.687665371284614468e-01,1.000000000000000000e+00
-4.822553724970125022e-01,-2.632942922951131970e-01,1.000000000000000000e+00
-2.755931948858347802e-01,-3.676160680187472440e-01,0.000000000000000000e+00
4.678210934766259266e-01,5.038897683742223910e-01,1.000000000000000000e+00
-5.234198804063496802e-01,2.940417794918311345e-01,1.000000000000000000e+00
-5.192582719831803084e-01,-3.465274089665212331e-01,1.000000000000000000e+00
3.725147059284529549e-02,-3.535202662969558762e-01,0.000000000000000000e+00
-8.827327899585368787e-02,-5.118372065416615380e-01,1.000000000000000000e+00
3.963811552355119838e-01,-2.762887576830430070e-01,0.000000000000000000e+00
-2.604683346157718460e-01,-3.853914056543669697e-01,0.000000000000000000e+00
-4.924313495773936511e-01,4.564543100019986532e-01,1.000000000000000000e+00
-3.747419860483972576e-01,-1.461762188579900368e-01,0.000000000000000000e+00
3.646462701454483701e-01,3.219383824163971064e-01,0.000000000000000000e+00
5.284097019384934590e-01,-4.485028755031131853e-01,1.000000000000000000e+00
-5.167904143008977824e-01,-4.051322402527361699e-02,1.000000000000000000e+00
3.256458141239252368e-01,-2.412260129635074302e-01,0.000000000000000000e+00
-4.595078858656824750e-01,-4.551082033236912849e-01,1.000000000000000000e+00
3.917564691491055850e-02,-3.643156754301271061e-01,0.000000000000000000e+00
-5.475654549592458009e-01,-4.228365003228253260e-01,1.000000000000000000e+00
4.806083973015007338e-01,2.134137079473065468e-01,1.000000000000000000e+00
1.962531928463966957e-01,-4.952977565487587386e-01,1.000000000000000000e+00
-3.241063068451196516e-01,-2.098050920179640177e-01,0.000000000000000000e+00
-3.794457376176414987e-01,3.352343467763636564e-01,0.000000000000000000e+00
2.923708286239119492e-01,1.292532889705215737e-01,0.000000000000000000e+00
4.434084924741047984e-01,-1.791634012102346074e-01,1.000000000000000000e+00
1.503869762345781680e-01,3.593754979955038342e-01,0.000000000000000000e+00
-4.979414088302162034e-01,2.309753784382545250e-01,1.000000000000000000e+00
-1.539900746138058996e-01,-4.880094246231548305e-01,1.000000000000000000e+00
3.424726303369146629e-01,-8.521502451564165470e-02,0.000000000000000000e+00
-1.446763974774862571e-01,-5.134246978614089851e-01,1.000000000000000000e+00
7.922005162952126811e-02,3.396549002737583312e-01,0.000000000000000000e+00
4.725768757066721726e-01,3.784491521064174968e-01,1.000000000000000000e+00
-2.136113107717333148e-01,-3.268159267981758376e-01,0.000000000000000000e+00
-5.222084715499211161e-01,3.918648295575011264e-01,1.000000000000000000e+00
-4.599538331908764599e-01,-4.868814511259444977e-01,1.000000000000000000e+00
-3.153680604058199943e-01,1.011313440436888283e-01,0.000000000000000000e+00
-6.032991340665996155e-02,-3.525544581735992611e-01,0.000000000000000000e+00
-5.126248680445002481e-01,2.986363345539586045e-01,1.000000000000000000e+00
-3.832240186888305478e-01,1.695368595275328072e-01,0.000000000000000000e+00
-2.010892166483312093e-02,-5.054475846780417392e-01,1.000000000000000000e+00
4.835072188197582221e-01,1.391186005678526350e-01,1.000000000000000000e+00
-5.118501966819257731e-01,1.815154595019447805e-03,1.000000000000000000e+00
