-9.245652715950081202e-01,-2.928074574951897158e-01,1.000000000000000000e+00
-2.256812863767796440e-01,-1.015313037721712996e+00,1.000000000000000000e+00
-5.969640351201337403e-01,-4.497599797448950110e-01,0.000000000000000000e+00
-7.602370824513368097e-01,-2.202643192792818616e-01,0.000000000000000000e+00
-5.919683721706412438e-01,3.079527281644939274e-01,0.000000000000000000e+00
-5.718226813523248353e-01,-7.458033789444853401e-01,1.000000000000000000e+00
-7.024345803844090907e-01,2.905070829464632687e-01,0.000000000000000000e+00
5.002286924089862641e-01,-4.045241368358059031e-01,0.000000000000000000e+00
7.413800537806701785e-01,-1.722709384947797295e-01,0.000000000000000000e+00
-8.060481199862751245e-01,7.247774767060519707e-01,1.000000000000000000e+00
1.896968901690612441e-01,-7.069212528793432648e-01,0.000000000000000000e+00
-6.638760946107326033e-01,-1.218700677590137810e-01,0.000000000000000000e+00
-6.396098498754624329e-01,-2.914336426632705424e-01,0.000000000000000000e+00
9.297873560973720641e-01,-4.693681817025862069e-01,1.000000000000000000e+00
6.320684692227050983e-01,3.024700636389119901e-01,0.000000000000000000e+00
9.852466611990808865e-01,6.006078481786031320e-01,1.000000000000000000e+00
9.231536289447741517e-01,1.179086453698909021e-01,1.000000000000000000e+00
3.124582747411661088e-01,-5.468404630551905177e-01,0.000000000000000000e+00
1.639578169891949821e-01,-9.170761531239667308e-01,1.000000000000000000e+00
4.509679597442487475e-01,-4.801586496685378846e-01,0.000000000000000000e+00
8.398384408400760837e-01,-1.135117573273682762e-01,1.000000000000000000e+00
1.993909122955266067e-01,-6.248841289299441604e-01,0.000000000000000000e+00
-6.351999858556740541e-01,1.568129573686627143e-01,0.000000000000000000e+00
1.916940806828046073e-01,-9.870539745986990354e-01,1.000000000000000000e+00
5.369785474951148663e-01,4.934104048235469775e-01,0.000000000000000000e+00
-5.824350261262084549e-01,-7.033320854288032109e-01,1.000000000000000000e+00
4.738631416579771605e-01,5.980204989835274931e-01,0.000000000000000000e+00
1.058783571359556586e+00,-3.836754341347611841e-01,1.000000000000000000e+00
-9.761494998838328163e-01,-1.348510830348903233e-01,1.000000000000000000e+00
-9.543983844318522092e-01,5.671693367311594347e-01,1.000000000000000000e+00
-9.260030459807407077e-02,1.009691902125395835e+00,1.000000000000000000e+00
1.727922311038177505e-01,-1.126030675083639077e+00,1.000000000000000000e+00
-7.488597076282537124e-01,2.117066305234673318e-01,0.000000000000000000e+00
-5.367726624108810629e-01,-2.461643017127305710e-01,0.000000000000000000e+00
9.943338723435451998e-01,1.179393165983043529e-01,1.000000000000000000e+00
-5.718849997920303352e-01,-5.212659975499368548e-01,0.000000000000000000e+00
-5.350667122254636476e-01,-4.546446420765544172e-01,0.000000000000000000e+00
-7.401040670340389704e-01,-6.686470979344175669e-01,1.000000000000000000e+00
1.021576545861720753e+00,-3.768934973474968864e-01,1.000000000000000000e+00
-3.947616272632942236e-01,-8.644378217336060599e-01,1.000000000000000000e+00
-6.358171730187549553e-01,7.734275736339251139e-01,1.000000000000000000e+00
-6.668288951959356892e-01,2.785098638782903535e-01,0.000000000000000000e+00
-2.186459717342433551e-01,-6.403345729501777051e-01,0.000000000000000000e+00
9.279446847640490104e-01,3.689208219405986089e-01,1.000000000000000000e+00
-3.767151211904006813e-01,-6.534380127061095722e-01,0.000000000000000000e+00
-3.492563431564581489e-01,-6.413704864306183362e-01,0.000000000000000000e+00
2.324144341968413241e-01,9.143127441569595115e-01,1.000000000000000000e+00
4.293278911098549755e-01,4.510509408141404886e-01,0.000000000000000000e+00
-2.576578734346605670e-01,5.910427646298676008e-01,0.000000000000000000e+00
-6.552712469462131928e-01,7.555093542592891120e-01,1.000000000000000000e+00
-6.228856177206387734e-01,-2.940488966848132102e-01,0.000000000000000000e+00
-5.945972097686370583e-01,2.414826594719001462e-01,0.000000000000000000e+00
6.563742922833023519e-01,-4.803317089077133867e-02,0.000000000000000000e+00
7.161275944567506713e-01,5.344878985818874995e-01,1.000000000000000000e+00
2.629933433489817785e-01,9.950826941612858079e-01,1.000000000000000000e+00
3.687216515925659799e-01,5.917181389009857906e-01,0.000000000000000000e+00
-5.214431439259458179e-01,-7.479996216000697196e-01,1.000000000000000000e+00
-1.451762364553645449e-02,7.018533050196907874e-01,0.000000000000000000e+00
-1.069566084675338091e+00,2.298442470738412680e-01,1.000000000000000000e+00
2.269874555958716414e-02,6.478069374322047436e-01,0.000000000000000000e+00
5.911121767155084195e-01,9.182486833263632242e-01,1.000000000000000000e+00
5.208941389887039586e-01,4.329932157352092692e-01,0.000000000000000000e+00
-3.962958182519325523e-01,-5.937411483187710060e-01,0.000000000000000000e+00
6.506006101985936096e-01,7.684079508459402685e-01,1.000000000000000000e+00
2.628698620131122432e-01,7.535739134638455017e-01,0.000000000000000000e+00
-4.826072046321370212e-01,5.222449610219253024e-01,0.000000000000000000e+00
3.969331187163994690e-01,-8.300404815117844448e-01,1.000000000000000000e+00
7.443758230186312552e-01,5.203749940890913805e-01,1.000000000000000000e+00
3.110940404605533893e-01,-5.044883396456419922e-01,0.000000000000000000e+00
4.775788080947565017e-01,3.294032953797321195e-01,0.000000000000000000e+00
6.955511105258783688e-01,-1.036355045234601674e-01,0.000000000000000000e+00
-9.148749519189937063e-01,1.825704115589740772e-01,1.000000000000000000e+00
9.837622074670414607e-01,-1.446730551267378651e-01,1.000000000000000000e+00
-5.145643465383197279e-01,-3.983376629230541699e-01,0.000000000000000000e+00
-4.354845784540133796e-02,-6.445756756947168542e-01,0.000000000000000000e+00
6.462437671053500310e-01,1.624164094448886653e-01,0.000000000000000000e+00
-1.533533557830413230e-01,7.333892503475736291e-01,0.000000000000000000e+00
7.754798480535354255e-01,7.300284572590514109e-01,1.000000000000000000e+00
-2.075317788016362852e-01,6.956870987447234533e-01,0.000000000000000000e+00
4.632062597628338607e-01,4.280632191521585583e-01,0.000000000000000000e+00
-4.329444144807606532e-01,9.511558192563472902e-01,1.000000000000000000e+00
-8.997688118701461235e-01,5.377611493362896011e-01,1.000000000000000000e+00
9.375535044649189187e-01,3.997669910021422468e-01,1.000000000000000000e+00
-3.386962600526779998e-01,-8.958589926849411800e-01,1.000000000000000000e+00
-6.849369735271878534e-01,-3.046173697929676627e-01,0.000000000000000000e+00
-7.043854225452625406e-02,7.261891160463085360e-01,0.000000000000000000e+00
-7.734940198929147748e-01,-1.137961946979623579e-01,1.000000000000000000e+00
8.682829237154413571e-01,5.816726823018357750e-01,1.000000000000000000e+00
-5.028064157068740103e-01,-2.599706532090335087e-01,0.000000000000000000e+00
6.739954797836514855e-01,-3.208062751415723390e-01,0.000000000000000000e+00
-2.878343535439893408e-01,6.262336685005575054e-01,0.000000000000000000e+00
-5.373855447009636688e-01,-9.409056727371765128e-01,1.000000000000000000e+00
6.716221183966897268e-01,7.315930392411488237e-01,1.000000000000000000e+00
-1.969644379998028993e-01,-9.170228075144187807e-01,1.000000000000000000e+00
-1.690237640678665387e-01,6.686529011776549680e-01,0.000000000000000000e+00
3.155207623753243373e-01,7.069733328699407959e-01,0.000000000000000000e+00
-6.006774135808282677e-01,-3.629906181990561476e-01,0.000000000000000000e+00
9.840901111898889830e-01,1.249951441743882286e-01,1.000000000000000000e+00
5.006771909623205508e-01,-9.252723461718332931e-01,1.000000000000000000e+00
7.144141297367103682e-01,2.108315373923221395e-02,0.000000000000000000e+00
-3.065247778402784284e-01,-6.288575728697213263e-01,0.000000000000000000e+00
-1.373725789143357690e-01,1.086978000090283780e+00,1.000000000000000000e+00
-1.030068932650577140e-01,-1.104063224967852586e+00,1.000000000000000000e+00
1.013638127853638160e+00,-2.454519216484412902e-01,1.000000000000000000e+00
5.327087838936898564e-03,6.799619924727910991e-01,0.000000000000000000e+00
-7.143918182892166069e-01,-3.705688136997407622e-01,0.000000000000000000e+00
-9.067348386822687845e-01,-5.918847460378489078e-01,1.000000000000000000e+00
-6.743243091631551112e-01,-3.290456391641877198e-01,0.000000000000000000e+00
1.539989017300942287e-01,9.018203501738432104e-01,1.000000000000000000e+00
6.787925713873040889e-01,-2.076618781024942850e-01,0.000000000000000000e+00
-6.125136196986770143e-01,2.113223349523616901e-01,0.000000000000000000e+00
3.922294935358389134e-01,-5.663009091811521678e-01,0.000000000000000000e+00
-3.173719883852121892e-01,-9.660048472981613843e-01,1.000000000000000000e+00
-2.076220741978156703e-01,6.758386291439104632e-01,0.000000000000000000e+00
3.772252700171720430e-01,-8.901027798025664683e-01,1.000000000000000000e+00
-6.280644218169059156e-01,4.777285469298481746e-01,0.000000000000000000e+00
6.465849381780890415e-01,-5.988039417113136809e-01,1.000000000000000000e+00
-9.170179422402630065e-01,-5.137278570550080081e-01,1.000000000000000000e+00
6.406410347028559382e-01,-5.885895027457260786e-01,1.000000000000000000e+00
-3.627509082918524141e-01,-9.605689908655284937e-01,1.000000000000000000e+00
-1.452422616044249382e-01,-9.266026204667221489e-01,1.000000000000000000e+00
-7.614548989414420266e-01,-6.336469128531456267e-03,0.000000000000000000e+00
6.793424286950765500e-01,-1.923612089743265696e-01,0.000000000000000000e+00
-6.286222148561684264e-01,-7.998835292586996548e-01,1.000000000000000000e+00
-8.244414075806107967e-01,4.275722565053055590e-01,1.000000000000000000e+00
-7.488019164907916414e-01,-5.914011625470874112e-01,1.000000000000000000e+00
7.093159811644327295e-01,8.595664462307987808e-02,0.000000000000000000e+00
-3.314193976309269263e-01,9.866760798525834320e-01,1.000000000000000000e+00
-4.841094435045436017e-01,-7.646761026021433594e-01,0.000000000000000000e+00
-2.530491088291703106e-01,9.835698634733150980e-01,1.000000000000000000e+00
-5.665977116618735598e-01,-5.189284073504085715e-01,0.000000000000000000e+00
-8.032550071728031815e-01,3.856014197646286945e-01,1.000000000000000000e+00
3.999973814095479918e-01,4.564415548925130350e-01,0.000000000000000000e+00
-2.016805574447534666e-01,6.442869778736314279e-01,0.000000000000000000e+00
-8.290704885036557226e-01,-3.899077196282391689e-01,1.000000000000000000e+00
-9.289204627154711291e-01,-5.966813595741246035e-01,1.000000000000000000e+00
-8.672826765349921363e-01,-4.372810434205850472e-01,1.000000000000000000e+00
-6.266812912611763320e-01,-9.000761716343866903e-01,1.000000000000000000e+00
-4.639856295015539200e-01,-6.566989999156040980e-01,0.000000000000000000e+00
-6.387308492107394153e-01,2.936397151729315813e-01,0.000000000000000000e+00
5.852143621065718504e-01,-4.448981466837794718e-01,0.000000000000000000e+00
-4.686659670652753573e-01,5.146551116687916316e-01,0.000000000000000000e+00
-6.786010996642848347e-01,2.892887037987951215e-01,0.000000000000000000e+00
5.710401600931972466e-01,-4.608962701401225770e-01,0.000000000000000000e+00
3.427939114815137245e-01,-9.301915414866110954e-01,1.000000000000000000e+00
-2.100816926657061157e-01,-7.047000883586898023e-01,0.000000000000000000e+00
6.632385360691978038e-01,4.833170912111944828e-01,0.000000000000000000e+00
6.559742310464021786e-01,-3.634068246738441088e-01,0.000000000000000000e+00
-2.278740055487559479e-01,-9.970985387148404433e-01,1.000000000000000000e+00
7.087152685393637297e-01,-5.134357309433944597e-03,0.000000000000000000e+00
5.487211484751168822e-01,7.497705298829780984e-01,1.000000000000000000e+00
4.245360154677238484e-01,-4.628879325476882300e-01,0.000000000000000000e+00
3.776030800586276936e-01,6.161308264507728838e-01,0.000000000000000000e+00
-6.761010058419597568e-01,-6.003010158086707904e-01,1.000000000000000000e+00
4.604195147887423234e-01,4.536422928354906237e-01,0.000000000000000000e+00
4.561458430632676087e-01,-6.446442512406722614e-01,0.000000000000000000e+00
3.996321624137247897e-01,-1.061245137320119047e+00,1.000000000000000000e+00
-8.014213314643633401e-01,-3.716039639270828920e-01,1.000000000000000000e+00
-6.793442548492006905e-01,4.481834285443464516e-01,0.000000000000000000e+00
6.215053454944604594e-01,2.884947367943506147e-01,0.000000000000000000e+00
-3.240001154523809435e-01,-9.449467266731883530e-01,1.000000000000000000e+00
-9.500958628626023916e-01,2.854877367793804410e-01,1.000000000000000000e+00
-1.878914920563453661e-01,-1.059100602156192616e+00,1.000000000000000000e+00
5.926492033154842076e-01,-6.605731286233315069e-01,1.000000000000000000e+00
7.232914617444902161e-01,-1.121298932395460440e-01,0.000000000000000000e+00
3.910197947081560654e-01,-4.988796060002206323e-01,0.000000000000000000e+00
1.037139635753048239e+00,7.647344529505201161e-02,1.000000000000000000e+00
-5.149500598721219458e-01,6.226423994906903348e-01,0.000000000000000000e+00
-1.253884007402559231e-01,-9.920782852756251380e-01,1.000000000000000000e+00
4.851374502229426899e-01,9.042728168899293317e-01,1.000000000000000000e+00
-7.223126991480657288e-01,-9.603295760369032208e-02,0.000000000000000000e+00
8.895406619521609715e-01,3.160808988644323025e-01,1.000000000000000000e+00
3.417385150944823868e-01,1.051684866560798515e+00,1.000000000000000000e+00
8.139099724593488183e-01,9.514941392072724657e-02,0.000000000000000000e+00
2.031058587906670876e-01,-7.210658985898141804e-01,0.000000000000000000e+00
1.639407661764290258e-01,9.916701580484430512e-01,1.000000000000000000e+00
-3.765040639446803894e-01,5.513841590235128987e-01,0.000000000000000000e+00
5.902872955225244578e-01,-2.865101531789579492e-01,0.000000000000000000e+00
-2.316002662958741021e-01,-7.863621396156696974e-01,0.000000000000000000e+00
7.830741471148741084e-01,1.587776649341391955e-01,0.000000000000000000e+00
3.552103664945198691e-01,5.980021975550858793e-01,0.000000000000000000e+00
-4.258912596491409852e-01,-4.074490488291431789e-01,0.000000000000000000e+00
-7.092059495049105600e-01,-3.739581345992844530e-01,1.000000000000000000e+00
4.743510803373549717e-02,6.223550298085235299e-01,0.000000000000000000e+00
9.074087011907882028e-01,-3.980027585763631914e-01,1.000000000000000000e+00
-8.283585939980065982e-01,-7.207856549977872396e-01,1.000000000000000000e+00
-9.305642697877924974e-01,-2.118940396017795214e-01,1.000000000000000000e+00
-6.210884014262592068e-01,-3.936620653497721611e-01,0.000000000000000000e+00
-9.856459257505621741e-02,-7.850594438411615528e-01,0.000000000000000000e+00
-3.828735644623503243e-01,9.335330062515307947e-01,1.000000000000000000e+00
-7.943957075339990181e-01,5.908402373384867845e-01,1.000000000000000000e+00
2.267702349507082493e-01,8.796257113308967313e-01,1.000000000000000000e+00
3.574081778468861659e-01,8.432069680138266632e-01,1.000000000000000000e+00
6.850422668270805815e-01,-2.496862780999275500e-01,0.000000000000000000e+00
-6.468446647520509352e-02,-9.838123032110763777e-01,1.000000000000000000e+00
-7.073042987805224779e-01,4.245310687412064826e-02,0.000000000000000000e+00
1.409642068916383550e-01,9.866717613125977060e-01,1.000000000000000000e+00
-2.043080966021076222e-02,7.462104439857690785e-01,0.000000000000000000e+00
6.026671941737503646e-01,2.300217054574785758e-01,0.000000000000000000e+00
-8.947684305966712159e-01,3.911009791739601393e-01,1.000000000000000000e+00
-4.288439691347434857e-01,1.048416113316607667e+00,1.000000000000000000e+00
-3.122646752056301711e-01,-8.908731878296536344e-01,1.000000000000000000e+00
-7.050504205815252279e-01,6.810813749249264859e-01,1.000000000000000000e+00
2.819624875923014695e-01,5.953481372699173102e-01,0.000000000000000000e+00
7.223626203297447423e-01,1.129167282644392839e-01,0.000000000000000000e+00
7.037077236943731773e-01,3.164044704346795078e-01,0.000000000000000000e+00
-2.854906103332292555e-01,-6.007384001317902511e-01,0.000000000000000000e+00
-6.416540499905472039e-01,1.921287446938954036e-01,0.000000000000000000e+00
-9.546890446331216529e-01,-2.233669042672855598e-01,1.000000000000000000e+00
5.871258886888843787e-01,-4.456259063593356884e-01,0.000000000000000000e+00
9.464958448182205775e-01,-5.752503729637139379e-02,1.000000000000000000e+00
1.391127823094071847e-01,6.591632210791317226e-01,0.000000000000000000e+00
-2.773304500835581110e-01,-4.562747094591049768e-01,0.000000000000000000e+00
-7.552237652382440269e-02,9.001151280497905471e-01,1.000000000000000000e+00
6.863107257169088760e-01,8.955475033492822645e-02,0.000000000000000000e+00
4.014143775902964673e-02,-7.617936323629913575e-01,0.000000000000000000e+00
-4.346734098994500251e-01,9.234696952289839222e-01,1.000000000000000000e+00
-4.633851557442800195e-01,4.165460599707460632e-01,0.000000000000000000e+00
-7.666364018280372727e-01,-4.752265499226789314e-01,1.000000000000000000e+00
3.472223329525032653e-01,-6.218559439000567179e-01,0.000000000000000000e+00
-6.094590216053382692e-01,-6.407439539158387154e-01,1.000000000000000000e+00
5.395907282123674209e-01,-5.557607886289889221e-01,0.000000000000000000e+00
-1.038252938687627830e-01,6.967798364469143246e-01,0.000000000000000000e+00
2.638700756975348449e-01,-8.473528211557344036e-01,1.000000000000000000e+00
3.668719216106355874e-01,8.571717917064083370e-01,1.000000000000000000e+00
6.209435164461237777e-01,-1.897822748466973242e-01,0.000000000000000000e+00
-2.472101993112933715e-01,-5.966938930290095477e-01,0.000000000000000000e+00
1.280938604553171767e-01,5.817697481959579475e-01,0.000000000000000000e+00
6.041659337487961245e-01,-2.074012211310740095e-01,0.000000000000000000e+00
-7.824884605092265188e-02,-6.473800680366746940e-01,0.000000000000000000e+00
-2.353056248418948851e-02,9.499186024243205795e-01,1.000000000000000000e+00
2.465217122773901148e-01,1.050416667323200492e+00,1.000000000000000000e+00
-7.027177524240868500e-01,-8.071388083539396407e-02,0.000000000000000000e+00
9.184022747802648157e-01,1.493833817636268102e-01,1.000000000000000000e+00
2.578693212951815306e-01,9.419156274503172055e-01,1.000000000000000000e+00
-5.682722767808775499e-01,2.909652303526540362e-01,0.000000000000000000e+00
-4.776147238266823525e-01,4.826225674152852529e-01,0.000000000000000000e+00
-7.414352101945861362e-01,1.727126395201393494e-01,0.000000000000000000e+00
-1.757758426851508682e-01,1.002363507462787018e+00,1.000000000000000000e+00
-7.352768867056710400e-01,-4.460429151943552384e-01,0.000000000000000000e+00
6.731611746315911970e-01,-7.747104927521893947e-01,1.000000000000000000e+00
6.922043842606893094e-01,6.301108379990940644e-01,1.000000000000000000e+00
-1.050388277320588815e+00,-1.151564215842691696e-01,1.000000000000000000e+00
7.260451923301504129e-01,7.935763234369134222e-01,1.000000000000000000e+00
-2.225587330705157962e-01,-1.053336259710786704e+00,1.000000000000000000e+00
-7.333837515973997689e-01,5.610896714948302444e-01,1.000000000000000000e+00
-9.072263429845345284e-01,-3.954464931100505343e-01,1.000000000000000000e+00
4.392924764888698208e-01,9.857751699823831260e-01,1.000000000000000000e+00
5.412927400292270042e-01,6.964537619305070093e-01,1.000000000000000000e+00
-6.631690527688056669e-01,4.986089314678405354e-02,0.000000000000000000e+00
-5.544205424718362529e-01,7.091006464530303921e-01,1.000000000000000000e+00
8.700114198351065475e-01,-3.417334701430369548e-01,1.000000000000000000e+00
8.932885185000609407e-02,-9.248238725968976892e-01,1.000000000000000000e+00
-9.131665105680393871e-03,-1.087501550016463536e+00,1.000000000000000000e+00
5.622686221038190046e-01,-3.887657505703499550e-01,0.000000000000000000e+00
5.537005165587736144e-01,3.200925912985788657e-01,0.000000000000000000e+00
-5.940673973718236800e-01,-2.021131216311342904e-01,0.000000000000000000e+00
-6.122414646831043639e-01,-3.593634817974001860e-01,0.000000000000000000e+00
9.707798086358687684e-01,-2.367027311375479448e-01,1.000000000000000000e+00
-2.863617516155234632e-01,1.055944783450712743e+00,1.000000000000000000e+00
5.960839740406081305e-02,1.033283241996118207e+00,1.000000000000000000e+00
4.845755564615017441e-01,3.534339651593842446e-01,0.000000000000000000e+00
9.508822097888802727e-01,9.851013157942742349e-02,1.000000000000000000e+00
7.001762540761286013e-01,-3.320106772352612867e-01,0.000000000000000000e+00
-3.165845764636950332e-01,-5.751506287797566452e-01,0.000000000000000000e+00
2.456815759224319218e-01,-1.094177086594617654e+00,1.000000000000000000e+00
-1.234076558078905789e-01,6.107771775578048068e-01,0.000000000000000000e+00
-6.336575448316930093e-01,-3.823622184932283785e-01,0.000000000000000000e+00
8.648589269205626540e-01,3.675365981424706385e-01,1.000000000000000000e+00
-9.603990120628905780e-01,8.696485665942647880e-02,1.000000000000000000e+00
7.691467446922559681e-01,-1.094897560565655376e-01,0.000000000000000000e+00
4.932851739250849188e-01,-4.840416004234511793e-01,0.000000000000000000e+00
-5.559769703867589730e-01,8.988966987565554234e-01,1.000000000000000000e+00
7.118618300145318489e-01,-1.753078230070254095e-01,0.000000000000000000e+00
8.635704845304914556e-02,7.478007977857219490e-01,0.000000000000000000e+00
6.057602267902999493e-01,-1.996937821122862222e-01,0.000000000000000000e+00
9.184583238693704299e-01,-3.544777258373364437e-01,1.000000000000000000e+00
2.220091084427615324e-01,-6.951047868730052537e-01,0.000000000000000000e+00
-4.371808909729748560e-01,-4.681840004586914072e-01,0.000000000000000000e+00
5.730498527609544368e-01,-5.782003938106561325e-01,0.000000000000000000e+00
-2.524970728161897160e-01,9.112591898697907089e-01,1.000000000000000000e+00
3.954509609237946699e-01,-5.519594165161086918e-01,0.000000000000000000e+00
-6.860347354831668465e-01,-6.272181138000187950e-01,1.000000000000000000e+00
5.480674142605194143e-01,4.568795682377432832e-02,0.000000000000000000e+00
-6.457887938271253958e-01,9.221426767013787273e-01,1.000000000000000000e+00
5.886531998086502737e-01,7.906228909879668976e-01,1.000000000000000000e+00
9.623398439972525864e-01,-1.103495492482177431e-01,1.000000000000000000e+00
-9.769975477147258003e-01,1.336007961675410027e-01,1.000000000000000000e+00
-7.992831024900276526e-01,1.310185013345578978e-02,0.000000000000000000e+00
-5.967391470701001177e-01,-7.164855029748934401e-01,1.000000000000000000e+00
-5.068801535368629985e-01,5.494843418769169707e-01,0.000000000000000000e+00
6.329579394435329576e-01,7.354685002422282070e-01,1.000000000000000000e+00
4.194961922413631417e-01,-8.615297463569631109e-01,1.000000000000000000e+00
2.729566384772608711e-01,6.874896347716566991e-01,0.000000000000000000e+00
-7.672324309957794242e-01,-5.465718863871615874e-02,0.000000000000000000e+00
1.066901231746010120e-01,6.553997254171365361e-01,0.000000000000000000e+00
7.729379509860662134e-01,5.457330609552789591e-01,1.000000000000000000e+00
5.949449989687044527e-01,-6.993313159171666848e-01,1.000000000000000000e+00
7.660211130414730230e-01,-1.316125156422585374e-01,0.000000000000000000e+00
9.308192329656345132e-01,-2.337973943829509682e-01,1.000000000000000000e+00
7.247719425198728693e-01,-4.822673774012946057e-01,1.000000000000000000e+00
1.202195063161147215e-01,-7.895971178541082436e-01,0.000000000000000000e+00
-3.014361164561698003e-01,5.235312409726651239e-01,0.000000000000000000e+00
6.586965189449559555e-01,3.680802435884865664e-01,0.000000000000000000e+00
-5.951596712334026318e-01,3.923338359688275934e-01,0.000000000000000000e+00
1.136395571618364908e-01,1.013804911464295744e+00,1.000000000000000000e+00
6.455371940508556339e-01,7.093253945962313400e-01,1.000000000000000000e+00
6.850905475273749712e-01,2.390268283227278412e-01,0.000000000000000000e+00
-1.349127237231854126e-01,-8.728909850904820189e-01,1.000000000000000000e+00
1.038480010748288773e+00,7.469213633394203300e-02,1.000000000000000000e+00
1.430071996170662330e-01,-1.099731476312469480e+00,1.000000000000000000e+00
6.405239340207800058e-01,8.469487986924576495e-01,1.000000000000000000e+00
7.536638570477236510e-01,4.113879375875985622e-01,1.000000000000000000e+00
7.874002077152897350e-01,4.969488128937215032e-01,1.000000000000000000e+00
-3.231229979110021855e-01,-6.061026594874839857e-01,0.000000000000000000e+00
3.009661546237983251e-02,1.033647544054605127e+00,1.000000000000000000e+00
-8.713801953560706970e-01,4.752061840017434702e-01,1.000000000000000000e+00
-9.034288588708870860e-01,-3.405264437292290780e-01,1.000000000000000000e+00
4.747351268801796031e-01,-5.698266960190293551e-01,0.000000000000000000e+00
-1.554486660069872572e-01,-1.070260566987631501e+00,1.000000000000000000e+00
-1.253057853753582473e-01,9.757262452264147123e-01,1.000000000000000000e+00
7.123069368092627140e-01,7.728341148590770482e-01,1.000000000000000000e+00
7.703652322302433353e-01,2.793969722473784167e-01,1.000000000000000000e+00
-2.976488229205462854e-01,8.856977989241572313e-01,1.000000000000000000e+00
-5.153631551368761943e-02,6.755489235757266009e-01,0.000000000000000000e+00
-9.293591420237662382e-01,2.627963646938586972e-01,1.000000000000000000e+00
-4.165173259781057569e-01,-9.346912674240940300e-01,1.000000000000000000e+00
-2.583016309022851953e-01,-7.264045036847988079e-01,0.000000000000000000e+00
-1.537505855828250334e-01,7.192163917370136828e-01,0.000000000000000000e+00
-6.969172660405045239e-01,6.550510396019952886e-01,1.000000000000000000e+00
3.745380245453708290e-01,8.111078636781967610e-01,1.000000000000000000e+00
2.491782107621970943e-01,-1.008665068502569984e+00,1.000000000000000000e+00
5.352677521616727718e-01,1.997590855676453225e-01,0.000000000000000000e+00
-3.418480619298930323e-01,-9.882584504723034291e-01,1.000000000000000000e+00
1.231607322678186928e-01,-6.756755419249913519e-01,0.000000000000000000e+00
1.572527920392303991e-01,-9.041179911310950335e-01,1.000000000000000000e+00
-4.260817053211965466e-02,7.188463622827364619e-01,0.000000000000000000e+00
-4.911285613859189270e-01,4.985086946714684109e-01,0.000000000000000000e+00
-5.944355654416639823e-01,-3.647826568044539308e-01,0.000000000000000000e+00
-1.420608317710891355e-01,9.839015281138113744e-01,1.000000000000000000e+00
-7.086605884641417052e-01,7.465895444468231279e-01,1.000000000000000000e+00
3.476978852504669648e-01,1.006337109096758553e+00,1.000000000000000000e+00
-1.002020649304950828e+00,2.582425541337315389e-01,1.000000000000000000e+00
1.029054559741599428e+00,2.962515590852679570e-01,1.000000000000000000e+00
2.145068855388350682e-01,-6.630766549591123882e-01,0.000000000000000000e+00
9.856627455726980624e-01,5.175793361844296392e-01,1.000000000000000000e+00
-1.032703492515128385e+00,-1.227887908035743547e-01,1.000000000000000000e+00
-3.361182982788981644e-01,9.013078170504686959e-01,1.000000000000000000e+00
-5.508849189153207648e-01,-2.918689121642005224e-01,0.000000000000000000e+00
9.816319306684161416e-01,-2.557690982207630470e-01,1.000000000000000000e+00
-5.542769810349261750e-01,-7.198807593525179405e-01,1.000000000000000000e+00
9.089561106507818566e-01,2.053502160854042691e-01,1.000000000000000000e+00
-6.492917916912963605e-01,3.035305586192708627e-01,0.000000000000000000e+00
-9.555522029852153709e-01,-6.021982989538583741e-02,1.000000000000000000e+00
-9.106246099388972670e-01,-2.106343614959144128e-01,1.000000000000000000e+00
-2.914841106639542989e-01,-6.337698971274308146e-01,0.000000000000000000e+00
-1.734015848810852023e-01,9.900165041112432007e-01,1.000000000000000000e+00
4.728857267971349754e-01,4.964020108593477643e-01,0.000000000000000000e+00
-7.604764162281635320e-01,6.078795159448254770e-01,1.000000000000000000e+00
1.020315099639093726e+00,-2.866811975305328386e-01,1.000000000000000000e+00
2.786017514144167873e-01,6.682166574849688345e-01,0.000000000000000000e+00
5.635537697197660068e-01,-3.882730918501201001e-01,0.000000000000000000e+00
-1.128369250930343570e+00,-3.186613075788631289e-01,1.000000000000000000e+00
-9.766489825042962147e-01,2.710669747134087926e-01,1.000000000000000000e+00
7.961435320649674630e-01,-7.286393000772304340e-01,1.000000000000000000e+00
-9.284166778229077099e-01,2.470772356220121424e-01,1.000000000000000000e+00
-1.461804281060839483e-01,-8.927047827557127446e-01,1.000000000000000000e+00
-5.191437689748521489e-01,3.820593051658848771e-01,0.000000000000000000e+00
8.082377898747239442e-01,-5.564011759857016015e-01,1.000000000000000000e+00
-2.447929909032779405e-01,-6.185606062865558474e-01,0.000000000000000000e+00
-3.403934128857014629e-01,-1.039219629013954593e+00,1.000000000000000000e+00
-4.652109873183649102e-01,8.756960594593811154e-01,1.000000000000000000e+00
4.395400123055027281e-02,-1.031366647167404560e+00,1.000000000000000000e+00
-4.572720727084881864e-01,-5.256973318071949119e-01,0.000000000000000000e+00
6.076163011119262158e-02,9.677455593206318873e-01,1.000000000000000000e+00
5.343827781288681411e-01,8.483876251090965992e-01,1.000000000000000000e+00
2.356436739361767174e-01,-7.853949120871653866e-01,0.000000000000000000e+00
6.250905277783785907e-01,-1.639896971926530223e-01,0.000000000000000000e+00
-1.017451688567971413e+00,2.739585166218490575e-01,1.000000000000000000e+00
-7.805974823804244789e-01,-5.021799882389160752e-01,1.000000000000000000e+00
6.061822294560750279e-01,-7.544736969964320750e-01,1.000000000000000000e+00
-9.643392775783060644e-01,2.656152658758162977e-01,1.000000000000000000e+00
6.900507038958343387e-01,-2.152596949550950323e-01,0.000000000000000000e+00
-7.144776676514137392e-01,-3.683023941704637871e-01,0.000000000000000000e+00
4.286275976503624574e-01,-8.995994126583379824e-01,1.000000000000000000e+00
5.386600012517268610e-01,-3.473590956629241111e-01,0.000000000000000000e+00
2.983251482353710404e-01,-6.832106093045432482e-01,0.000000000000000000e+00
3.635123023362760719e-01,5.681725099475437579e-01,0.000000000000000000e+00
-4.942244990174097796e-01,-5.190492135574356070e-01,0.000000000000000000e+00
-5.557023264205217528e-01,4.121544769231986205e-01,0.000000000000000000e+00
7.977500392119406536e-01,3.316901203954966681e-01,1.000000000000000000e+00
-9.198336073618573749e-01,4.757457558980413559e-01,1.000000000000000000e+00
-4.040261254965788612e-02,7.397332309024817754e-01,0.000000000000000000e+00
6.206934287340528655e-01,-8.652580293953738844e-01,1.000000000000000000e+00
8.080125676393442591e-01,1.715960530930282502e-01,0.000000000000000000e+00
5.959872920095917737e-01,-1.570907884232916885e-01,0.000000000000000000e+00
-4.525417601514648003e-01,5.806297499823954711e-01,0.000000000000000000e+00
-4.527440396855467175e-01,5.709243416880862565e-01,0.000000000000000000e+00
6.671377380284945202e-01,6.868616174213335035e-02,0.000000000000000000e+00
4.068102242600964424e-01,9.438606952401679129e-01,1.000000000000000000e+00
-8.421005584613896477e-01,6.016980088428739437e-01,1.000000000000000000e+00
8.258960654383218358e-01,-3.931378705444010246e-01,1.000000000000000000e+00
8.244051090098638568e-01,5.959232068758277823e-01,1.000000000000000000e+00
8.810197541958528777e-01,-3.153023886490232131e-01,1.000000000000000000e+00
6.510721224471497370e-01,-6.978017441757649042e-01,1.000000000000000000e+00
-8.396968369536443877e-01,2.487540386866606834e-01,1.000000000000000000e+00
-3.090828289738787871e-01,5.909114822937904243e-01,0.000000000000000000e+00
1.066675562822535922e-01,9.799618356956957266e-01,1.000000000000000000e+00
-7.812882523836228721e-01,-6.841418761660132963e-01,1.000000000000000000e+00
6.850006598500278931e-01,1.444378509503243535e-01,0.000000000000000000e+00
8.877548102164870558e-01,8.732957260865226168e-02,1.000000000000000000e+00
-6.855162529404881244e-01,3.289379013762910309e-01,0.000000000000000000e+00
9.023597673886207815e-01,4.113558442018755423e-01,1.000000000000000000e+00
-8.953607912253410545e-03,7.341313433930493071e-01,0.000000000000000000e+00
1.923964336558160459e-01,1.050136433310982609e+00,1.000000000000000000e+00
-1.603124037230478985e-02,7.994216069527130264e-01,0.000000000000000000e+00
7.730119425255322918e-01,8.341892654623965786e-01,1.000000000000000000e+00
6.929569516340263746e-01,5.250557284422997101e-02,0.000000000000000000e+00
7.643878260779505274e-01,6.780434986485941451e-01,1.000000000000000000e+00
-6.799546056815377604e-01,-6.264097767794132299e-01,1.000000000000000000e+00
7.642045178050109744e-01,-1.247018313532672201e-01,0.000000000000000000e+00
6.159227978487249455e-01,-3.741033250392133275e-02,0.000000000000000000e+00
-7.348370564986134168e-01,4.724913109452695270e-01,1.000000000000000000e+00
5.502915944758713929e-01,9.037764946569462055e-01,1.000000000000000000e+00
-6.199031708563649268e-01,-7.375745147873733476e-01,1.000000000000000000e+00
-7.530333076690234329e-01,4.592656338299405672e-02,0.000000000000000000e+00
7.269529170419994912e-01,-4.844320535744223860e-02,0.000000000000000000e+00
5.372665237402398652e-01,2.337162275393858957e-01,0.000000000000000000e+00
1.056466965926143170e-01,-4.985517139019690624e-01,0.000000000000000000e+00
-1.489108844720081481e-01,6.051867486075178659e-01,0.000000000000000000e+00
3.778680865520232801e-02,7.001354550832143975e-01,0.000000000000000000e+00
-4.777898213560371476e-01,-7.797323983715163109e-01,1.000000000000000000e+00
1.618310880350607925e-02,6.541065377681861692e-01,0.000000000000000000e+00
-4.528767136557083628e-01,-7.752939245319929729e-01,1.000000000000000000e+00
-7.076857874032901341e-01,-7.726754248379476275e-02,0.000000000000000000e+00
-6.275235326654839962e-01,3.242770090690964002e-01,0.000000000000000000e+00
-6.273527445202782271e-01,-2.244717737106270428e-01,0.000000000000000000e+00
-2.532660549096182323e-01,1.068180333908794299e+00,1.000000000000000000e+00
-2.168853153091626074e-01,-7.750666224045198449e-01,0.000000000000000000e+00
-8.943242083881582927e-01,5.299880196724149339e-01,1.000000000000000000e+00
-5.594239587823259807e-01,6.715272390846058759e-01,1.000000000000000000e+00
2.953590751884946353e-01,-5.481633423097350688e-01,0.000000000000000000e+00
6.490286990241037612e-01,-3.308666201221098224e-01,0.000000000000000000e+00
6.287826333825408121e-01,1.870017962154208457e-01,0.000000000000000000e+00
1.052266735138851078e-01,9.601547329725025337e-01,1.000000000000000000e+00
-6.167463538001360934e-01,8.657016044582420689e-01,1.000000000000000000e+00
2.920637987036116545e-01,-6.753098075269798883e-01,0.000000000000000000e+00
7.887023056582398439e-01,-7.209796637295912136e-02,0.000000000000000000e+00
6.572637765908733165e-01,-1.297863550214496398e-01,0.000000000000000000e+00
9.065000945333001603e-01,-6.164870134586746264e-01,1.000000000000000000e+00
-2.771821128980430649e-01,9.203783476096263350e-01,1.000000000000000000e+00
8.039505545374616702e-01,-4.038809310427481092e-02,0.000000000000000000e+00
2.577783177285461642e-03,7.074037283405451015e-01,0.000000000000000000e+00
5.032722728895938635e-01,3.949878498709379349e-01,0.000000000000000000e+00
8.440830827451234475e-01,-2.686844172156743205e-01,1.000000000000000000e+00
1.017908836190138527e-01,9.735901761824123923e-01,1.000000000000000000e+00
-3.628508844642059916e-01,-9.125723907626397402e-01,1.000000000000000000e+00
7.095156317975751525e-01,2.724753140966257869e-01,0.000000000000000000e+00
-1.199757168996954809e-01,-9.849787232381626012e-01,1.000000000000000000e+00
4.931386138124995711e-01,-4.531580971419084669e-01,0.000000000000000000e+00
-1.511019968637593580e-01,1.064724133461476541e+00,1.000000000000000000e+00
-4.960212386501881565e-01,4.713571979066998319e-01,0.000000000000000000e+00
-6.755767985414524723e-01,6.815784640754730672e-01,1.000000000000000000e+00
-7.919764974335810961e-03,-1.040192475093955515e+00,1.000000000000000000e+00
5.094989693671633790e-02,6.637594502578499922e-01,0.000000000000000000e+00
4.932626905557720431e-01,9.225242095608058301e-01,1.000000000000000000e+00
-6.250889583256495907e-01,2.061839867993275621e-01,0.000000000000000000e+00
-3.303557512553532693e-01,9.273048985653452592e-01,1.000000000000000000e+00
3.777246049829852681e-01,-6.019559284319773163e-01,0.000000000000000000e+00
5.184589550444667488e-02,6.718135747368172428e-01,0.000000000000000000e+00
-9.989458042269595550e-01,-1.499870405251417516e-02,1.000000000000000000e+00
9.890381506379386511e-01,-3.731327987273619917e-01,1.000000000000000000e+00
-6.851655645178317267e-01,-7.673711681812396268e-01,1.000000000000000000e+00
4.930492099084529123e-01,-5.432964648289096976e-01,0.000000000000000000e+00
6.098043653662730268e-01,-2.405097399751945919e-01,0.000000000000000000e+00
5.092644561881876433e-03,-1.059685846719057967e+00,1.000000000000000000e+00
-2.326910245835799862e-01,-7.096962263634286616e-01,0.000000000000000000e+00
1.048701747828608255e+00,-2.139783512306537294e-01,1.000000000000000000e+00
6.487527059153208597e-01,-2.283310955457932764e-02,0.000000000000000000e+00
-6.566486008426751786e-01,2.050790291025974266e-01,0.000000000000000000e+00
9.425095915522903045e-01,4.498189699019680687e-01,1.000000000000000000e+00
-1.746367854377866013e-01,6.337620415552955855e-01,0.000000000000000000e+00
3.939130061224855317e-01,5.593952853664450053e-01,0.000000000000000000e+00
-7.251037370491031364e-01,4.136741455623926256e-01,0.000000000000000000e+00
7.713344518128649741e-01,8.348386810062069507e-01,1.000000000000000000e+00
-6.243541275102099108e-01,-4.787792966731813094e-01,0.000000000000000000e+00
-5.673326395272380029e-01,5.142291663875945273e-01,0.000000000000000000e+00
7.351572239883560345e-01,-5.673968384872063453e-01,1.000000000000000000e+00
7.208649066253282056e-01,-1.478925734346758503e-01,0.000000000000000000e+00
-9.328670072851471540e-01,-2.830454920697423882e-01,1.000000000000000000e+00
-1.438288138178031583e-01,9.146606045505466520e-01,1.000000000000000000e+00
-5.559020291772376332e-01,-3.638129846485806396e-01,0.000000000000000000e+00
8.033407865316076757e-01,-6.090174424982440771e-01,1.000000000000000000e+00
-8.012308488882439184e-01,5.318527777488034625e-01,1.000000000000000000e+00
-9.104301479839631561e-01,-3.090171323389697133e-01,1.000000000000000000e+00
-1.431487180324194919e-01,1.045690283978716772e+00,1.000000000000000000e+00
-9.707632528140818229e-01,2.790974231884681411e-01,1.000000000000000000e+00
-5.840325040188376615e-01,4.147915008334859266e-01,0.000000000000000000e+00
7.055892099750140679e-03,7.077958991864333749e-01,0.000000000000000000e+00
-6.522574412564107194e-01,-2.405282709440532615e-02,0.000000000000000000e+00
-3.348170407426638850e-01,8.397749525242527158e-01,1.000000000000000000e+00
-7.135034295193021237e-01,7.313443256605727250e-01,1.000000000000000000e+00
-6.563455408186668061e-01,-1.038299726288704761e-01,0.000000000000000000e+00
3.212400564909674832e-03,-8.592392361884545471e-01,1.000000000000000000e+00
-4.871813410848712667e-01,8.416947541351043061e-01,1.000000000000000000e+00
8.206567481295113931e-01,-4.236241212627080421e-01,1.000000000000000000e+00
4.857256525713906647e-01,-5.700263703818957417e-01,0.000000000000000000e+00
9.883855519075186447e-01,3.121774938954047784e-01,1.000000000000000000e+00
-2.368064298376932816e-02,1.034511522957796581e+00,1.000000000000000000e+00
-8.993614407590434512e-01,3.165601776402526824e-01,1.000000000000000000e+00
8.321218669614504071e-01,6.423493923078191781e-01,1.000000000000000000e+00
-5.929896047981424445e-01,8.328354942970523922e-01,1.000000000000000000e+00
-6.039504280737586356e-02,-9.694307139047386723e-01,1.000000000000000000e+00
-4.094335164782021419e-01,-8.774417232722941939e-01,1.000000000000000000e+00
-7.635384209605381445e-01,-7.388458347759844225e-01,1.000000000000000000e+00
-1.636929598690719800e-01,-6.464444997371767698e-01,0.000000000000000000e+00
2.853915326887239146e-01,9.805689139002116139e-01,1.000000000000000000e+00
-5.842360681870030215e-01,8.992555939948431165e-01,1.000000000000000000e+00
-3.726607326191774816e-01,-7.457231007894311592e-01,0.000000000000000000e+00
5.924876377095893432e-01,-5.617681789225125177e-01,0.000000000000000000e+00
-7.345023324862676173e-01,-2.067926849819680946e-01,0.000000000000000000e+00
-1.825094658944808879e-01,8.757709596309960487e-01,1.000000000000000000e+00
9.346435637087791015e-01,1.797250361408945507e-01,1.000000000000000000e+00
-2.371768671599318867e-01,-9.319264377121702081e-01,1.000000000000000000e+00
8.147198273726917739e-01,4.039205224886936729e-02,0.000000000000000000e+00
-4.535982060172055741e-01,4.670244454386497934e-01,0.000000000000000000e+00
-7.136900091453285411e-01,-1.386419334426175209e-01,0.000000000000000000e+00
8.888525752281565273e-01,-4.734050504294433637e-01,1.000000000000000000e+00
5.368378709284264971e-01,3.383009045384357538e-01,0.000000000000000000e+00
-8.525885384718425719e-01,5.720686272881411183e-01,1.000000000000000000e+00
1.015910235651638960e+00,1.564134906267788672e-01,1.000000000000000000e+00
-3.364112089523428328e-01,5.113596736087614447e-01,0.000000000000000000e+00
-7.808744379894101417e-01,-7.541654712393746074e-01,1.000000000000000000e+00
-1.006104713875023704e-01,5.447309595680156491e-01,0.000000000000000000e+00
2.398643434392738194e-01,9.281536327603591152e-01,1.000000000000000000e+00
5.738638947459266948e-01,5.104532081801742560e-01,0.000000000000000000e+00
-8.109137077961852125e-01,-4.270126422975070724e-01,1.000000000000000000e+00
-2.442650982718296004e-01,-6.821010074277303881e-01,0.000000000000000000e+00
-4.282058161021546350e-01,-8.021122246628251684e-01,1.000000000000000000e+00
6.579960821319070785e-01,-2.190141361913189588e-01,0.000000000000000000e+00
5.379582767814781175e-01,9.137989149471129058e-03,0.000000000000000000e+00
-5.664406882915998809e-01,-7.514409830873629570e-01,1.000000000000000000e+00
-7.203451862039225162e-01,-5.260786846209132284e-01,1.000000000000000000e+00
-5.701173152545562228e-01,-3.555057372680904826e-01,0.000000000000000000e+00
9.444904372041187379e-01,-2.250561318074077721e-01,1.000000000000000000e+00
6.491787238106262459e-01,6.907698965841285732e-02,0.000000000000000000e+00
-2.494012776737338788e-01,-7.135223589752471840e-01,0.000000000000000000e+00
2.484786860234871608e-01,-5.875357546807511433e-01,0.000000000000000000e+00
-1.042424846991408360e+00,-6.431609621154864287e-02,1.000000000000000000e+00
-4.098188719778741440e-01,7.033667331813246992e-01,0.000000000000000000e+00
1.801302256017344450e-01,-6.864955563295634944e-01,0.000000000000000000e+00
7.699025434440341931e-01,5.392408330597298072e-01,1.000000000000000000e+00
-8.526912295106438000e-01,3.250514174497957098e-01,1.000000000000000000e+00
-6.452114755835645088e-01,-8.131301812435312582e-02,0.000000000000000000e+00
-3.619121986110219735e-01,-9.849378133083628306e-01,1.000000000000000000e+00
8.504961246235689387e-01,5.464043067475733428e-01,1.000000000000000000e+00
1.066345964193737561e-01,7.581128952191951154e-01,0.000000000000000000e+00
-8.909251760578867918e-01,5.630331794165363002e-01,1.000000000000000000e+00
-5.072938800596806797e-01,-4.965375298731256049e-01,0.000000000000000000e+00
5.558708457218657362e-01,-4.780250925171785070e-01,0.000000000000000000e+00
-6.091205298895288056e-01,-5.636060745133918415e-01,0.000000000000000000e+00
5.342212637223199279e-01,5.942743104413239497e-01,0.000000000000000000e+00
6.737608153355154617e-01,-8.262181491885915718e-02,0.000000000000000000e+00
5.328654490033573055e-01,-5.548354521994257604e-01,0.000000000000000000e+00
-7.409012825005475422e-01,-1.266697580013734573e-02,0.000000000000000000e+00
6.885882612319983442e-01,-3.654312378820158136e-01,0.000000000000000000e+00
-1.011822164757220532e+00,-2.691699541334849344e-01,1.000000000000000000e+00
5.598606045012132215e-01,-2.928101870353288505e-01,0.000000000000000000e+00
4.266323363450477135e-01,-7.772281280808037707e-01,1.000000000000000000e+00
7.254397457621286627e-01,-1.464968985636181387e-01,0.000000000000000000e+00
9.922701704372512976e-01,-5.472698064713311661e-01,1.000000000000000000e+00
6.292246406128281233e-01,1.449461197426030745e-01,0.000000000000000000e+00
3.126923391064752589e-01,6.115260073848840516e-01,0.000000000000000000e+00
-4.813134245599626215e-01,4.026048926647453619e-01,0.000000000000000000e+00
1.033879147226152595e+00,-3.206052449138601657e-01,1.000000000000000000e+00
-1.665414757461470274e-01,5.122452311022792637e-01,0.000000000000000000e+00
4.488319907122395036e-01,7.118607841178314910e-01,1.000000000000000000e+00
5.486879270388961283e-01,-4.757968543101325221e-01,0.000000000000000000e+00
-9.383722409950487897e-01,3.285767050665013844e-01,1.000000000000000000e+00
8.089961946823275296e-01,-5.286824398809405468e-01,1.000000000000000000e+00
3.629548709048951438e-01,5.737601390410691504e-01,0.000000000000000000e+00
-5.498030945268256309e-01,-8.799476176295670804e-01,1.000000000000000000e+00
-6.243198879894932274e-01,2.459896987000698143e-01,0.000000000000000000e+00
5.526215978473320023e-01,2.881086945781292652e-01,0.000000000000000000e+00
-2.096249217756819549e-01,-5.994913135493894485e-01,0.000000000000000000e+00
1.245665308059852421e-02,7.620819216757579451e-01,0.000000000000000000e+00
6.428268744465869267e-01,1.633956336243184149e-01,0.000000000000000000e+00
5.607613022811778203e-01,2.217941143871103582e-01,0.000000000000000000e+00
6.557145686846017618e-01,2.647697839004884979e-01,0.000000000000000000e+00
6.152009122643126160e-01,-4.028236793707942187e-01,0.000000000000000000e+00
-6.942737426874548423e-02,-1.090820064921539378e+00,1.000000000000000000e+00
8.140312472272553945e-01,-6.067060770889444177e-01,1.000000000000000000e+00
-3.056430925135935062e-01,-5.779819811444681932e-01,0.000000000000000000e+00
-1.016147049221576948e+00,-1.868347524483735533e-01,1.000000000000000000e+00
-3.525387489377489469e-01,9.900060355518319755e-01,1.000000000000000000e+00
9.971948873941903768e-01,-1.276833482092864201e-02,1.000000000000000000e+00
-4.515499357833714367e-01,5.307934265093164905e-01,0.000000000000000000e+00
-1.000943654791510040e+00,1.867136453298957888e-01,1.000000000000000000e+00
-7.178492288204363359e-01,6.891563585897958477e-01,1.000000000000000000e+00
1.009101098565425625e+00,-1.305275793582679755e-01,1.000000000000000000e+00
2.865188953441039077e-01,5.593536630307320845e-01,0.000000000000000000e+00
-2.915454549895004632e-01,5.465743598428796091e-01,0.000000000000000000e+00
-3.989921885532392576e-01,-8.527456498359572423e-01,1.000000000000000000e+00
6.869741610135885468e-01,2.881390385474466576e-01,0.000000000000000000e+00
-5.611457826074590649e-01,-4.481135520685163853e-01,0.000000000000000000e+00
-1.062252635213821517e+00,1.501834537479773968e-01,1.000000000000000000e+00
-1.456342927286222166e-01,6.713164116615667476e-01,0.000000000000000000e+00
4.509307795419431608e-02,6.183029550109742090e-01,0.000000000000000000e+00
-7.768776765470819523e-01,-7.103756637753537440e-02,0.000000000000000000e+00
-6.741104117509001403e-01,7.368510641812752171e-01,1.000000000000000000e+00
-1.049424146312354811e+00,2.940479972410570686e-01,1.000000000000000000e+00
-3.875289315923971523e-01,6.325915185706121324e-01,0.000000000000000000e+00
1.133441755963187969e+00,-2.125738796480284021e-01,1.000000000000000000e+00
6.583486961306724838e-01,7.321512460638816000e-01,1.000000000000000000e+00
6.262025774188019200e-01,4.360236944748124288e-01,0.000000000000000000e+00
-4.221361846982645272e-01,6.348605522825021552e-01,0.000000000000000000e+00
-8.081785283491246252e-01,-5.202305140200680356e-01,1.000000000000000000e+00
-3.716098258874589444e-01,-5.789202414504192040e-01,0.000000000000000000e+00
-7.170349545643404099e-01,5.400807652842256612e-01,1.000000000000000000e+00
8.915750961063568791e-01,-4.044656368553526012e-03,1.000000000000000000e+00
-6.026584869742211970e-01,8.090740859981264688e-01,1.000000000000000000e+00
-1.350039117883194417e-01,-7.433505577987160606e-01,0.000000000000000000e+00
-4.833247984580459344e-01,-5.664963904103017533e-01,0.000000000000000000e+00
2.793123578221331504e-01,-6.677376276365235563e-01,0.000000000000000000e+00
1.048602200228446080e+00,-1.578142588289044024e-01,1.000000000000000000e+00
7.379144215476250990e-01,-6.120690795787400162e-01,1.000000000000000000e+00
8.962492478688191544e-02,-9.768197024803252360e-01,1.000000000000000000e+00
-3.359574188988513344e-01,-9.965194030625956767e-01,1.000000000000000000e+00
-3.737280677363847836e-01,6.274489356574294296e-01,0.000000000000000000e+00
4.108207693758577639e-01,5.484927259780456588e-01,0.000000000000000000e+00
1.008939757237513168e+00,4.189269859945860541e-01,1.000000000000000000e+00
4.626125332189126582e-02,9.083827005919673514e-01,1.000000000000000000e+00
-6.045159509623373451e-01,2.739492449761292692e-01,0.000000000000000000e+00
-6.736765726467620619e-01,-9.370396807593664446e-02,0.000000000000000000e+00
1.527912567073756167e-01,-1.046057688739276070e+00,1.000000000000000000e+00
9.667468685569202691e-01,-2.563873002323831529e-01,1.000000000000000000e+00
6.750100628216463283e-01,6.128215413415336599e-01,1.000000000000000000e+00
8.105246767140592556e-01,6.452169519366905970e-01,1.000000000000000000e+00
-9.097094725845155105e-01,-5.748744809938661771e-01,1.000000000000000000e+00
-2.173367577991586891e-02,-7.514370834796577636e-01,0.000000000000000000e+00
6.034096857403878911e-01,-8.511503210259051544e-01,1.000000000000000000e+00
7.991364442089622377e-01,-3.408680159610588123e-01,1.000000000000000000e+00
9.319319364522898885e-01,-9.739998903605473490e-02,1.000000000000000000e+00
-8.355600459156712345e-01,6.086620271369593826e-01,1.000000000000000000e+00
-7.276023233355716213e-01,6.803861223628164812e-01,1.000000000000000000e+00
4.411137078155862312e-01,5.898875887534524853e-01,0.000000000000000000e+00
-3.622876293145650406e-01,-8.362520286198159569e-01,1.000000000000000000e+00
-5.505127495991735120e-01,-8.296655804590440386e-01,1.000000000000000000e+00
3.901712524202660681e-01,-4.593823692822192051e-01,0.000000000000000000e+00
4.613086207731840194e-01,3.231663208028182632e-01,0.000000000000000000e+00
-1.020604964095939149e+00,1.425683950814647660e-02,1.000000000000000000e+00
-6.625993393734632697e-01,-3.701548342602278829e-01,0.000000000000000000e+00
3.802830915746285845e-02,7.161842374991989058e-01,0.000000000000000000e+00
4.859856136476056743e-01,8.713230233686500847e-01,1.000000000000000000e+00
5.659180410088395785e-01,-6.877573831989109987e-01,1.000000000000000000e+00
7.189057427223306540e-01,2.770073242094612254e-01,0.000000000000000000e+00
-9.799800332825565619e-01,1.829818420076518015e-01,1.000000000000000000e+00
8.490508743154526750e-01,7.564831270352161408e-01,1.000000000000000000e+00
-7.382511470422687960e-01,2.041642274108671495e-01,0.000000000000000000e+00
8.528371648785981751e-01,-1.079434924203778595e-01,1.000000000000000000e+00
-6.679971008762768392e-01,3.472293650921151609e-01,0.000000000000000000e+00
5.624595032757424562e-01,-7.054650212423734246e-01,1.000000000000000000e+00
4.789236691716394767e-01,4.347735556643685939e-01,0.000000000000000000e+00
-9.085708822467070123e-02,6.763718961196160118e-01,0.000000000000000000e+00
-5.705376460188011922e-01,3.940964707887830154e-01,0.000000000000000000e+00
-8.308179006034648317e-01,6.051241450451091408e-01,1.000000000000000000e+00
-2.979359084355925336e-01,-5.532819709649757778e-01,0.000000000000000000e+00
-5.154608089868430998e-01,7.613746285746153530e-01,1.000000000000000000e+00
-2.351868937004289173e-01,-1.015154871758532584e+00,1.000000000000000000e+00
-6.407572344789139729e-01,-7.665350541516101623e-01,1.000000000000000000e+00
-8.157447449261040484e-01,5.992676590207541842e-01,1.000000000000000000e+00
-4.969784424030441183e-01,2.271815747223547011e-01,0.000000000000000000e+00
-7.427448568490507830e-01,-6.509105886815176323e-01,1.000000000000000000e+00
5.768900352442440926e-01,2.716506577129889632e-01,0.000000000000000000e+00
4.110954127385654799e-01,-8.403962629049158695e-01,1.000000000000000000e+00
-4.359842373028536278e-01,-6.280383572484539156e-01,0.000000000000000000e+00
-1.367392322530792959e-01,-9.131214804025133969e-01,1.000000000000000000e+00
-8.987566164858660223e-01,-2.123292068901891094e-01,1.000000000000000000e+00
7.507899209768911231e-01,6.249079079185466679e-01,1.000000000000000000e+00
-8.532800520365021457e-01,5.796094488870418004e-01,1.000000000000000000e+00
-7.771355655880205493e-01,5.254783654359824752e-01,1.000000000000000000e+00
-4.689942828235970085e-01,9.799427401859460707e-01,1.000000000000000000e+00
1.082043290459465457e+00,2.060608030934673041e-01,1.000000000000000000e+00
-7.506237715262820132e-02,-9.352914518974512204e-01,1.000000000000000000e+00
5.267295456183868074e-01,4.345483776911465701e-01,0.000000000000000000e+00
-7.422975841737908809e-01,-5.856199913485784503e-01,1.000000000000000000e+00
-2.555472571191569342e-01,-8.441922871064757583e-01,1.000000000000000000e+00
-6.763666320618163530e-01,-7.651141241743225629e-01,1.000000000000000000e+00
7.267289567169571418e-01,-1.907729319530273582e-01,0.000000000000000000e+00
6.698589963537991965e-01,5.082173276022652342e-01,0.000000000000000000e+00
4.278444881010829981e-01,-4.721749118176119531e-01,0.000000000000000000e+00
7.802271920903384173e-01,1.447260732911180292e-01,0.000000000000000000e+00
-1.067743068851660482e+00,-2.380832449255458616e-01,1.000000000000000000e+00
-8.358176672764062731e-01,5.738467613181683635e-01,1.000000000000000000e+00
-1.030143296071412307e+00,-1.577479709975691813e-01,1.000000000000000000e+00
-5.037019003297336095e-01,5.706153895930576869e-01,0.000000000000000000e+00
4.152223749471523062e-01,1.059745260930564870e+00,1.000000000000000000e+00
1.025995804114134158e+00,1.238728530259732563e-01,1.000000000000000000e+00
-6.912709376468544331e-01,-7.917511702116063199e-02,0.000000000000000000e+00
5.170995840870243887e-01,-7.842324944676885012e-01,1.000000000000000000e+00
-5.043376120692243392e-01,5.157730012170083089e-01,0.000000000000000000e+00
1.818411450032351162e-01,1.056151772350357065e+00,1.000000000000000000e+00
8.896685419668823869e-01,4.929792325667575192e-01,1.000000000000000000e+00
5.548846410720080780e-01,3.296227086403267781e-01,0.000000000000000000e+00
1.262434471408203640e-01,6.948603739536001189e-01,0.000000000000000000e+00
8.016514160875876094e-01,5.825420625056222379e-01,1.000000000000000000e+00
-6.779823500025135286e-02,7.153259550577024672e-01,0.000000000000000000e+00
8.084370193558423345e-01,3.567959365001984740e-01,1.000000000000000000e+00
9.515644106267673319e-01,4.160794179964911188e-01,1.000000000000000000e+00
4.592651680731495989e-01,-5.823780263386298950e-01,0.000000000000000000e+00
5.408652247441229077e-01,8.779031686113142330e-01,1.000000000000000000e+00
-6.511113659864495862e-01,-2.562914403196724922e-01,0.000000000000000000e+00
1.282794337546022401e-01,-8.641146905680929802e-01,1.000000000000000000e+00
-6.726066451524377321e-01,1.889669198511146064e-01,0.000000000000000000e+00
4.417330078728423093e-01,6.358734855372634165e-01,0.000000000000000000e+00
2.926784617007264777e-01,8.930545345197733464e-01,1.000000000000000000e+00
-5.117701034718030728e-01,2.292012200071411043e-01,0.000000000000000000e+00
-5.828674741362928069e-01,-1.044992286462072678e-01,0.000000000000000000e+00
-4.223135162798437037e-01,5.855843331475646396e-01,0.000000000000000000e+00
2.016340603099872897e-01,-1.006095236993168607e+00,1.000000000000000000e+00
6.817413356190042337e-03,-1.062018642347494435e+00,1.000000000000000000e+00
6.245900334273671861e-01,-3.073871678991800249e-01,0.000000000000000000e+00
5.851594089788947350e-01,1.076388075594784804e-01,0.000000000000000000e+00
5.095425405591809120e-01,-3.917087487156028502e-01,0.000000000000000000e+00
-5.912391852818891236e-01,4.732524950813535858e-01,0.000000000000000000e+00
5.124513414712750237e-01,-4.911811714056175115e-01,0.000000000000000000e+00
-3.800719950908585387e-01,-9.739561552338904526e-01,1.000000000000000000e+00
1.027181436786838375e+00,-8.182316958727266221e-02,1.000000000000000000e+00
3.996690807804375439e-02,-6.844869286152683863e-01,0.000000000000000000e+00
-6.511340239731640001e-01,7.428404200317442196e-01,1.000000000000000000e+00
-8.299786400985523782e-01,-5.544432690582355369e-03,0.000000000000000000e+00
-5.199798318897586036e-01,5.109810474154621307e-01,0.000000000000000000e+00
-4.566785555826738396e-01,5.185789595178262879e-01,0.000000000000000000e+00
-7.064390608572267138e-02,1.029458368933884982e+00,1.000000000000000000e+00
-1.015277887793363920e+00,2.571170213955772943e-02,1.000000000000000000e+00
-3.530607209837002824e-01,-7.720905056846025794e-01,1.000000000000000000e+00
-1.274370446144703906e-01,7.345330969125672960e-01,0.000000000000000000e+00
-8.177764794412941685e-01,-1.262584482282657627e-01,0.000000000000000000e+00
4.776699723749076032e-01,4.339899423798911360e-01,0.000000000000000000e+00
5.912686112440179720e-01,9.296914068623388649e-01,1.000000000000000000e+00
9.398565718442342121e-01,2.846597596036922195e-01,1.000000000000000000e+00
1.003334642003371524e+00,-1.866215598129281061e-01,1.000000000000000000e+00
1.074609016818198981e+00,2.607008098085228723e-02,1.000000000000000000e+00
2.818194303284803914e-01,5.852844082341758236e-01,0.000000000000000000e+00
-8.249130198351160015e-01,-7.078363045264850495e-01,1.000000000000000000e+00
5.363632548205224948e-01,3.009075455621595396e-01,0.000000000000000000e+00
4.707979048977996017e-01,-4.316677622194605712e-01,0.000000000000000000e+00
-1.818427236920052148e-01,-9.410454211197409879e-01,1.000000000000000000e+00
1.023095571099371437e+00,-2.193254069086662816e-01,1.000000000000000000e+00
-9.750156397419760257e-01,-4.681284077415832218e-02,1.000000000000000000e+00
-2.782928613756264768e-01,8.491626690561310253e-01,1.000000000000000000e+00
-9.375914487031526967e-01,-3.013924634662352164e-01,1.000000000000000000e+00
5.851132322057354118e-01,-2.716658343918602614e-01,0.000000000000000000e+00
-7.448082309270345203e-01,-9.771359551832180246e-02,0.000000000000000000e+00
-1.053119078671129194e-01,9.702750975473128925e-01,1.000000000000000000e+00
7.212391408524242431e-01,-6.998192740134158152e-01,1.000000000000000000e+00
-4.656222673961776803e-01,4.840095061888816108e-01,0.000000000000000000e+00
1.030336806526567006e+00,8.955752721313858453e-03,1.000000000000000000e+00
9.994521936230285272e-03,6.870759579525885785e-01,0.000000000000000000e+00
-3.004604922827909252e-01,6.573516275299562395e-01,0.000000000000000000e+00
3.274023252471698342e-01,-4.020091950340822784e-01,0.000000000000000000e+00
-6.829184986488190390e-01,1.822066218311601815e-01,0.000000000000000000e+00
-9.672347058109810325e-01,3.510618576106892541e-01,1.000000000000000000e+00
-3.533093945490999310e-01,5.880796015754359285e-01,0.000000000000000000e+00
7.661726878430283882e-01,-7.133652508876885401e-01,1.000000000000000000e+00
9.895865727569456149e-01,-3.560850274305528140e-01,1.000000000000000000e+00
1.089878577436981910e+00,-5.558240093561972461e-02,1.000000000000000000e+00
-7.200449102392660894e-01,7.044592118691197502e-01,1.000000000000000000e+00
8.465171078776011493e-01,-1.828211962246211464e-01,1.000000000000000000e+00
2.184971018034984336e-01,-8.111006605545136861e-01,1.000000000000000000e+00
-2.646173514690448036e-01,-5.249477371447046625e-01,0.000000000000000000e+00
2.238819107130540775e-02,6.969870285280915789e-01,0.000000000000000000e+00
1.441353833800651518e-01,6.737435144620088634e-01,0.000000000000000000e+00
5.130970138965900151e-01,8.807831430305841369e-01,1.000000000000000000e+00
5.804503265264713274e-01,-3.061354064735312130e-01,0.000000000000000000e+00
-2.593195404578674257e-01,9.123061252835446000e-01,1.000000000000000000e+00
-7.069971203669845883e-01,2.146144296617703284e-01,0.000000000000000000e+00
-7.453772414823518488e-01,2.831114053677988990e-02,0.000000000000000000e+00
1.729210334339562616e-01,-9.666902589557173631e-01,1.000000000000000000e+00
3.891676856966430620e-01,-5.786061303883018869e-01,0.000000000000000000e+00
6.600695820742823461e-01,7.884878935777177578e-01,1.000000000000000000e+00
-9.280204729176806389e-01,4.589471411103068776e-01,1.000000000000000000e+00
5.067710174865578399e-01,-7.677489354684784439e-01,1.000000000000000000e+00
2.693144572695786443e-01,-5.911756416183130414e-01,0.000000000000000000e+00
7.310984611365387575e-01,5.483050129523283633e-01,1.000000000000000000e+00
5.351845572806865903e-01,8.024148800466808229e-01,1.000000000000000000e+00
-2.527897325969312714e-01,7.133999464289991765e-01,0.000000000000000000e+00
6.570179803445466149e-01,3.366366586280699069e-01,0.000000000000000000e+00
-5.546154419382962608e-01,2.840715142138760529e-01,0.000000000000000000e+00
8.079363956350155140e-01,6.482607242777097545e-01,1.000000000000000000e+00
-6.421424488142205567e-01,-2.934310959053880730e-01,0.000000000000000000e+00
2.088378468474023225e-02,9.651992282145065438e-01,1.000000000000000000e+00
-4.944638868144277666e-01,-3.425861196359837879e-01,0.000000000000000000e+00
5.086158461219902893e-01,4.629546310279911148e-01,0.000000000000000000e+00
1.035592583648446530e+00,-1.581314276818143461e-01,1.000000000000000000e+00
7.735357078020035360e-01,-3.489067153533024213e-01,1.000000000000000000e+00
-7.560973497609470018e-01,6.112515248074836816e-01,1.000000000000000000e+00
4.213818635764774584e-02,8.567642448231564956e-01,0.000000000000000000e+00
-2.619850138010334454e-03,1.047081292806390174e+00,1.000000000000000000e+00
-7.142823094009331797e-01,7.480093797515419141e-02,0.000000000000000000e+00
6.280337450588583392e-01,1.612213823385353073e-01,0.000000000000000000e+00
-6.085159603851381105e-01,-7.328006498100646526e-01,1.000000000000000000e+00
-8.336774365040051649e-01,5.416230677830488061e-01,1.000000000000000000e+00
-7.982459052419679235e-01,7.744632494622920582e-01,1.000000000000000000e+00
3.762884567664811497e-01,-9.615880995382137808e-01,1.000000000000000000e+00
-1.626478119704355962e-01,-6.179008024000451904e-01,0.000000000000000000e+00
7.503896272600109052e-01,-2.214185733693090907e-01,0.000000000000000000e+00
-5.853443476859299111e-01,7.853841743651998053e-01,1.000000000000000000e+00
8.948790624236470093e-01,-6.715182781228805631e-01,1.000000000000000000e+00
8.262719697710511901e-02,-6.551478771575939275e-01,0.000000000000000000e+00
-3.935272106109484747e-01,4.916791097953696066e-01,0.000000000000000000e+00
-5.140588179481383468e-01,-4.929570551415048962e-01,0.000000000000000000e+00
-2.564785455733782915e-01,1.037532104697395319e+00,1.000000000000000000e+00
7.555925810840830037e-01,-7.613119940692610887e-01,1.000000000000000000e+00
5.409685630724166971e-01,4.616037075153603397e-01,0.000000000000000000e+00
2.176719713571631798e-01,9.050245402127369276e-01,1.000000000000000000e+00
2.714719665825903738e-01,6.066554952485873065e-01,0.000000000000000000e+00
-7.041897965665031567e-01,4.914440264899561095e-01,1.000000000000000000e+00
-1.904918862645387997e-02,-6.357961885294314275e-01,0.000000000000000000e+00
-9.734287336056591800e-01,-1.661583461512054494e-01,1.000000000000000000e+00
-1.024152203306618381e+00,7.946096660818960378e-02,1.000000000000000000e+00
6.762342186393329735e-01,2.319762029145069123e-03,0.000000000000000000e+00
-6.209463572222402306e-01,3.144162566835111416e-01,0.000000000000000000e+00
6.193767670672634118e-01,2.613720816658078316e-01,0.000000000000000000e+00
1.951456475969374216e-01,7.268304115620662920e-01,0.000000000000000000e+00
8.537842995917597211e-01,-3.861835552732901244e-01,1.000000000000000000e+00
1.636367622358120555e-01,7.407698627258841872e-01,0.000000000000000000e+00
7.157258585413759366e-01,-8.837989429816576203e-01,1.000000000000000000e+00
2.391758496836753622e-01,-6.929816711187704037e-01,0.000000000000000000e+00
3.583069196540781265e-01,5.579628292255102151e-01,0.000000000000000000e+00
-5.216254143757481643e-01,-4.083645708521667639e-01,0.000000000000000000e+00
8.106468209076425069e-01,7.206948749426477230e-01,1.000000000000000000e+00
-1.275650731928494319e-01,-9.122629723814331681e-01,1.000000000000000000e+00
-6.062549787587202532e-01,-7.094927920462258397e-01,1.000000000000000000e+00
2.346681607577073281e-01,-5.722403453407700624e-01,0.000000000000000000e+00
-6.053896083018791563e-01,7.885806380481640010e-02,0.000000000000000000e+00
7.973836463780130668e-01,-4.724977009127259708e-01,1.000000000000000000e+00
1.004969200170750199e+00,3.219952680734792239e-01,1.000000000000000000e+00
-2.867691855607821250e-01,1.038285425512119664e+00,1.000000000000000000e+00
-1.418459096684757392e-01,-6.355686745531531345e-01,0.000000000000000000e+00
-6.219993751099331947e-01,3.516335481263321849e-01,0.000000000000000000e+00
4.901545828729896859e-01,9.321235871947609608e-01,1.000000000000000000e+00
5.525976467275836024e-01,4.410676673861812502e-01,0.000000000000000000e+00
3.831463331252872306e-01,-8.508673739959879967e-01,1.000000000000000000e+00
-8.843297535342306004e-01,1.506613496619862713e-01,1.000000000000000000e+00
7.909649377256232627e-01,-7.216904097622726111e-01,1.000000000000000000e+00
-7.700338758553607055e-02,-7.306862605452419945e-01,0.000000000000000000e+00
-6.244459450057983085e-01,3.977939693148049294e-01,0.000000000000000000e+00
-6.461501362735846410e-01,6.583548855952650047e-01,1.000000000000000000e+00
-1.011545568191826172e+00,-9.971419384277734055e-02,1.000000000000000000e+00
5.704737358841082129e-01,-4.776403611444486885e-01,0.000000000000000000e+00
-8.160115861488714817e-02,-1.018719398839833534e+00,1.000000000000000000e+00
9.473516167497245677e-01,3.068315331188464778e-02,1.000000000000000000e+00
-3.680665140228708831e-01,-1.005616428978446830e+00,1.000000000000000000e+00
7.812641392926442663e-01,-4.326578357303472733e-01,1.000000000000000000e+00
-1.881280750185133632e-01,-7.415194452467783748e-01,0.000000000000000000e+00
4.762284431238664184e-01,9.645106757873724845e-01,1.000000000000000000e+00
-1.104116061724849107e+00,1.147512857034668626e-01,1.000000000000000000e+00
4.298797802807202695e-01,5.217412330582380520e-01,0.000000000000000000e+00
-5.882941193918413969e-01,7.203362010371167079e-01,1.000000000000000000e+00
6.973594008361491126e-01,-2.908235669903607712e-01,0.000000000000000000e+00
8.427506810835024842e-01,-4.407683862222976923e-01,1.000000000000000000e+00
-1.440324609536250133e-01,6.881683622325184269e-01,0.000000000000000000e+00
-5.220042160522019303e-01,8.267773104603225454e-01,1.000000000000000000e+00
-5.147253586322664276e-01,-3.750227297195291021e-01,0.000000000000000000e+00
9.952552516004958827e-01,-2.343326879635957150e-01,1.000000000000000000e+00
5.405470989218223998e-01,7.227872275141806746e-01,1.000000000000000000e+00
-3.221239410300243827e-02,7.407543354967210947e-01,0.000000000000000000e+00
4.430414676221531289e-01,-4.511499688291985555e-01,0.000000000000000000e+00
-5.780279593622821288e-01,2.947175219906767243e-02,0.000000000000000000e+00
8.023388022758386473e-01,-5.909735229630184161e-01,1.000000000000000000e+00
4.060686545235470679e-01,9.468103798243771019e-01,1.000000000000000000e+00
-7.248428479115387457e-01,-1.509086433447831554e-01,0.000000000000000000e+00
-3.491717644540510701e-01,6.719816131338893772e-01,0.000000000000000000e+00
-3.391297107245445086e-01,7.632991135127811244e-01,1.000000000000000000e+00
-5.948901205388894553e-01,2.062816893332499457e-01,0.000000000000000000e+00
-6.458385667683522735e-01,2.887909393044025830e-01,0.000000000000000000e+00
-5.035463971374922743e-01,6.297693745248582609e-01,0.000000000000000000e+00
6.496709648837770690e-01,-3.843754016333462142e-01,0.000000000000000000e+00
-9.535033503330275773e-02,-8.276192356722290588e-01,0.000000000000000000e+00
-9.325945985659388204e-02,-6.566649530396438950e-01,0.000000000000000000e+00
-1.784811986187461175e-01,6.967110737206784199e-01,0.000000000000000000e+00
-5.502037182095885770e-01,-2.922454698302855980e-01,0.000000000000000000e+00
1.771540506584861341e-01,-9.554100088986682282e-01,1.000000000000000000e+00
1.832427883077222264e-01,-6.221031531255678537e-01,0.000000000000000000e+00
-3.669121983133085685e-01,5.433360507591534772e-01,0.000000000000000000e+00
1.271701298388566159e-01,-9.641075728073544848e-01,1.000000000000000000e+00
-8.853210346992711199e-02,-9.962643014915761874e-01,1.000000000000000000e+00
6.310819660129443065e-01,7.777195785613365553e-01,1.000000000000000000e+00
6.910827722248614746e-01,-7.745548770206367450e-01,1.000000000000000000e+00
-6.621013647902412869e-01,2.558059356713960897e-01,0.000000000000000000e+00
-6.734543451389602975e-01,5.764350458091797857e-02,0.000000000000000000e+00
-9.131677560587083686e-01,3.070859591504829789e-01,1.000000000000000000e+00
-8.909313150900342038e-01,-4.046049523275906945e-01,1.000000000000000000e+00
-7.011652234652951954e-01,-6.681991753488191188e-01,1.000000000000000000e+00
-7.343199354416859448e-01,8.399610001785823288e-03,0.000000000000000000e+00
7.102744150587009253e-01,-7.876258870173458160e-01,1.000000000000000000e+00
-7.568219299448488702e-01,-7.832882165218896242e-01,1.000000000000000000e+00
-5.245130980749008742e-01,3.739373677107834526e-01,0.000000000000000000e+00
-6.347297198779394689e-01,3.663279694315945689e-01,0.000000000000000000e+00
3.366016752314045513e-01,-8.372426803451527011e-01,1.000000000000000000e+00
-4.201029524769179790e-01,5.922558590876151330e-01,0.000000000000000000e+00
2.580017537831619245e-01,1.044391158983339007e+00,1.000000000000000000e+00
9.214453805962601329e-01,3.607014385022301317e-01,1.000000000000000000e+00
5.515921543764226165e-01,-5.445200763077097106e-01,0.000000000000000000e+00
8.023825268927072818e-01,-4.507048135866193461e-01,1.000000000000000000e+00
6.831380505214164067e-01,6.424807759371937710e-01,1.000000000000000000e+00
-5.013803111204196972e-01,8.542217409935979333e-01,1.000000000000000000e+00
3.486704272853918263e-01,6.882772889833305152e-01,0.000000000000000000e+00
5.006472511565901451e-01,4.464281075468286009e-01,0.000000000000000000e+00
5.402975818215426385e-01,-3.932407662284249650e-01,0.000000000000000000e+00
8.717915360699689531e-01,3.255301042752028473e-01,1.000000000000000000e+00
7.088398309277993414e-01,-8.735058079244194251e-02,0.000000000000000000e+00
8.936503711653956961e-01,6.193078013680979321e-01,1.000000000000000000e+00
6.861542211504044753e-01,-7.935321467246733151e-01,1.000000000000000000e+00
-9.585248492713579482e-01,-4.256046092254106017e-01,1.000000000000000000e+00
-6.651715368056388966e-01,7.271728188383654867e-01,1.000000000000000000e+00
-3.621201215188528111e-01,5.524667915911831706e-01,0.000000000000000000e+00
4.844653034311784817e-02,-1.046286196960175996e+00,1.000000000000000000e+00
-3.938042653501255264e-01,9.167636771574962928e-01,1.000000000000000000e+00
-5.432898335486757713e-01,-8.250325380720058277e-01,1.000000000000000000e+00
-1.056584903988283530e+00,-1.154795447587267654e-01,1.000000000000000000e+00
-6.830957442684691960e-01,6.472033135708332718e-02,0.000000000000000000e+00
7.655927682401832968e-01,-5.477391672158133940e-01,1.000000000000000000e+00
-1.001562456773175125e+00,-3.580635289400804222e-01,1.000000000000000000e+00
4.670050640183225354e-01,-8.906396475429727566e-01,1.000000000000000000e+00
-1.417767501489400894e-01,-9.165068746563791446e-01,1.000000000000000000e+00
8.951692736147844887e-01,2.212105060684702584e-01,1.000000000000000000e+00
1.022529079443506433e-01,-6.992419562895209051e-01,0.000000000000000000e+00
1.784757130659417323e-01,8.449755250335817536e-01,0.000000000000000000e+00
5.517816109612857511e-01,-3.844434210487087666e-01,0.000000000000000000e+00
9.411624552677594346e-01,2.601710688240966296e-01,1.000000000000000000e+00
-4.021845088970029125e-01,6.992527465923288332e-01,0.000000000000000000e+00
8.067542720441361892e-01,5.840755551583424188e-01,1.000000000000000000e+00
-8.880582268704877436e-01,1.372869275538338429e-01,1.000000000000000000e+00
3.790163059955268254e-01,-8.051560165398918834e-01,1.000000000000000000e+00
-2.343182374595305095e-01,7.501207136838135003e-01,0.000000000000000000e+00
6.102178607106424346e-01,8.503525959430258130e-01,1.000000000000000000e+00
-5.111675161026418834e-01,9.261260927777946739e-01,1.000000000000000000e+00
2.718968711943273719e-01,-6.406467780546443169e-01,0.000000000000000000e+00
6.032322863357171272e-01,7.327747715985186705e-01,1.000000000000000000e+00
1.396019103972042374e-01,9.748536062016387449e-01,1.000000000000000000e+00
9.165197198626623409e-01,4.232335590977771012e-01,1.000000000000000000e+00
-2.585840204342846893e-01,-9.051045762715438370e-01,1.000000000000000000e+00
-5.848262108347769272e-01,4.522665161840180859e-01,0.000000000000000000e+00
-2.282281661181861099e-01,5.676669216533459794e-01,0.000000000000000000e+00
-1.912899992230166768e-01,-9.577914586663398566e-01,1.000000000000000000e+00
-5.069737748246022635e-01,8.453522482565132279e-01,1.000000000000000000e+00
-9.071554715855464912e-02,-6.452833012602466889e-01,0.000000000000000000e+00
2.173168736429226811e-01,-5.004684761362364620e-01,0.000000000000000000e+00
2.081114176305751962e-01,1.010135767253055983e+00,1.000000000000000000e+00
6.383616532881513095e-01,-1.059693598471340564e-01,0.000000000000000000e+00
4.148397980786635575e-01,6.756027529188882719e-01,0.000000000000000000e+00
-2.477282191268456446e-01,9.441007757521964194e-01,1.000000000000000000e+00
2.826808569217179601e-01,5.987272646733877712e-01,0.000000000000000000e+00
-3.989136209256475274e-01,5.829906667617891225e-01,0.000000000000000000e+00
-7.676766488927361243e-01,9.668175163998632415e-02,0.000000000000000000e+00
-6.541596720109138507e-01,-9.174186985127509575e-02,0.000000000000000000e+00
4.672166953296586489e-01,-6.133501018065966592e-01,0.000000000000000000e+00
6.152689335197621956e-01,-5.126000601823916814e-01,0.000000000000000000e+00
1.996855766652646524e-01,1.050512487495170122e+00,1.000000000000000000e+00
-7.979635936178400835e-01,-7.771205704614863041e-01,1.000000000000000000e+00
8.336623219594027079e-01,7.029688123890247553e-01,1.000000000000000000e+00
-7.794046786258722603e-01,2.055034469855259172e-01,0.000000000000000000e+00
-3.566006815283216946e-01,7.298437241205826265e-01,0.000000000000000000e+00
-4.116942291218823602e-01,9.272808265077090439e-01,1.000000000000000000e+00
-6.659472627199707340e-01,7.316449673117514374e-02,0.000000000000000000e+00
-1.063900799526382723e-01,-8.348916089247896410e-01,1.000000000000000000e+00
5.509207089057197582e-01,2.557961669426157547e-01,0.000000000000000000e+00
7.026402178249839814e-01,-6.667246988119861495e-01,1.000000000000000000e+00
-9.272730709940260607e-02,-9.688512633634140947e-01,1.000000000000000000e+00
4.408106478124068639e-01,8.856687552490157822e-01,1.000000000000000000e+00
8.628257748900848290e-01,-3.468899958039003972e-01,1.000000000000000000e+00
-8.875970210312706943e-01,-3.522134242187299757e-02,1.000000000000000000e+00
9.908836616499132610e-01,-1.191775160466402054e-03,1.000000000000000000e+00
2.234289284255434327e-01,6.493784449476738274e-01,0.000000000000000000e+00
-6.280552078168997188e-01,-1.400066539822276968e-01,0.000000000000000000e+00
-1.621413760044274899e-01,6.274377519067214637e-01,0.000000000000000000e+00
-3.118768350164407011e-01,8.805918461821415910e-01,1.000000000000000000e+00
-5.651699109183025982e-01,-3.639973593852787181e-01,0.000000000000000000e+00
8.286232794294678961e-01,-4.439527139377199560e-01,1.000000000000000000e+00
2.682193593955815025e-01,-7.411503615352422747e-01,0.000000000000000000e+00
-1.657502363521841104e-01,-1.003270148473136114e+00,1.000000000000000000e+00
-8.682630867398731800e-01,-3.385663511579979357e-01,1.000000000000000000e+00
6.008828894009737853e-01,-3.191257751046813751e-01,0.000000000000000000e+00
-9.163236220810561106e-01,4.401247412529811498e-02,1.000000000000000000e+00
7.516301122793899170e-01,-7.627422306797699836e-01,1.000000000000000000e+00
5.523115014341453133e-01,-9.476953170605800780e-01,1.000000000000000000e+00
1.774386522155169676e-01,7.673933234902057254e-01,0.000000000000000000e+00
1.223139709472262499e-01,-9.117032950007698533e-01,1.000000000000000000e+00
6.915841022264738180e-01,5.299129166189901763e-02,0.000000000000000000e+00
-4.293787242629435452e-01,8.718968893825319588e-01,1.000000000000000000e+00
1.330659463213641203e-01,1.030787561304733480e+00,1.000000000000000000e+00
-9.285823222146304401e-01,-4.006645793381071602e-02,1.000000000000000000e+00
-7.860636002139594070e-02,-9.494391333602908434e-01,1.000000000000000000e+00
7.938653312838650500e-01,5.592531792915024225e-01,1.000000000000000000e+00
-1.006290911849315517e+00,-9.462623022386651428e-02,1.000000000000000000e+00
6.932363029731115622e-01,-2.825047494974992635e-01,0.000000000000000000e+00
9.055779021484662572e-02,6.709049679600521676e-01,0.000000000000000000e+00
-4.625042391421787524e-01,-9.387252539985414534e-01,1.000000000000000000e+00
