-2.615916976697101881e-01,-6.412685477650335863e-02,-1.353819191285368317e+00,9.569038030464857014e-01,-5.030383356568570719e-01,2.340071211369651183e-01,-5.135480063754387370e-01,-4.329410059149383372e-01,-5.118535473705287941e-01,-1.480198123819894906e+00,1.729393966710889852e-01,-1.771231926297213821e+00,1.107288012604288885e-01,2.770321304768944004e-01,-1.362108157979783574e+00,-4.703042381268754957e-01,1.059679384130315372e+00,-1.048754960085388266e+00,-6.461061646078355425e-01,3.780593108209532871e-01,5.103648650254949404e-01,1.220166616362714507e+00,-9.229458501555833916e-01,-8.927532367270479829e-01,2.721063040220356166e-01,-1.578194411294572275e+00,2.155860391406520526e-01,6.314996330197578667e-01,8.779162370566216955e-01,-3.007240415128900612e-01,2.182645510998348082e-01,2.814206047996507531e-01,9.443871540353112604e-01,1.302730699706470485e+00,-4.698903736998790714e-01,-1.592000963861381679e+00,5.361477709473677633e-02,3.080412983057820298e-01,-5.783298647786075941e-01,4.201100286596907152e-01,5.333942145828693415e-02,-1.334628780106960955e+00,1.293778607050866114e+00,6.765203193010923544e-01,2.233668812195322151e-01,6.594266137839821518e-02,-5.099327524690802083e-01,-8.936833794203170589e-01,1.516756959796065507e+00,1.083734214168818599e-01,1.000000000000000000e+00
4.123958541216221629e-02,-2.188036694246273672e+00,-1.054883195508434124e+00,1.119666115994800704e+00,-1.448128127998793868e+00,-1.758851357090774670e+00,2.405727771547487848e-01,1.228643164459036763e-01,2.810597524178592987e-02,-6.423975092654667929e-01,-2.040211793602065171e+00,5.677618118028529004e-01,-1.361451581412872702e+00,1.535947619120250573e+00,-3.816739435093916000e-01,-4.547595340029812472e-01,-3.433301082458909415e-01,-1.186796623561485298e+00,-4.882173613880560481e-01,-9.658614037217080339e-01,1.118587364109201454e-01,-8.762629388103033712e-01,2.365165827593496140e-01,-1.014428918822054992e+00,-2.443576182470715841e-01,1.675787444652354630e-02,9.061890114347141978e-01,-2.501921684758353637e-01,5.513286209939050053e-02,6.866777362882459101e-02,-2.888173663234984367e+00,-1.137438956077430730e+00,9.655147340882788143e-01,-7.246251287911158467e-01,-4.536301463032854642e-01,-7.073561223016184840e-01,-2.094449251861725703e+00,-1.149523116601203654e+00,-1.738929542732839284e+00,9.501143706811174816e-01,-2.260243141108166931e+00,-2.366077956829045092e+00,-7.889539515008121562e-01,-1.479387770152331916e+00,-2.343780478261336064e+00,7.992510831246646408e-02,-2.057681875489092427e-01,-3.075441570173026995e-01,-1.636513803248694110e+00,-1.537057984874793171e+00,2.000000000000000000e+00
1.632834088085783897e+00,2.178630813233139563e+00,1.837195545333841107e+00,9.087098407056077853e-01,8.641153751687550288e-01,2.895533565089438710e-01,1.272776624997348893e+00,2.915044889729657474e+00,-3.083280976493140146e-01,-1.115453804894589451e-01,-1.043237300894551467e+00,3.698946406869761949e-01,1.518089914231914417e+00,-9.413229026993211734e-01,1.326606282393440583e+00,1.608862446704756088e+00,8.159927466427511211e-01,4.030173336983031152e-01,1.935104270653256187e-01,1.134811797048698612e+00,1.024753096531792362e+00,4.556343373461761992e-01,-7.377221110345592026e-01,1.025016935937486107e+00,-7.835002336251896127e-01,1.294399477721779768e+00,2.723599156325052117e+00,4.346376314080092618e-01,1.403204618611465504e+00,-1.014909465109991693e+00,1.158676845713905168e-01,7.286617714087915143e-01,2.199946718772902710e+00,-2.908056535431491341e-02,1.379360373637726234e+00,1.210967969822728474e+00,-1.354445795595418556e+00,-7.106866274922297722e-01,-1.524153320004439927e-03,-2.807953060367555098e-01,2.494151097886787571e+00,-5.877204147002991208e-01,1.182956744757386991e+00,1.180839173197943737e+00,1.272207334192920314e+00,1.561097113058861563e+00,1.491390951382285168e+00,1.315517061599090320e+00,8.922248612808963975e-01,7.378124731819407645e-01,3.000000000000000000e+00
8.042624889080359774e-01,1.032560205936434938e+00,-6.129101676406315535e-01,1.987806596571171536e+00,9.975737173314875861e-01,-1.590149992527589262e+00,3.254003651061511126e-01,1.249351680964253974e+00,-4.947186232162669173e-01,-9.149970356108607650e-01,6.753270867184658632e-01,9.758954724399759861e-01,1.653142072573141746e-02,-5.921618203174300321e-01,1.455145724387761241e+00,-8.403985114947378765e-01,7.736325650197271031e-01,-2.397429051256807012e-02,-1.173044297638973915e-01,1.135938959906409140e+00,-9.374663983326360084e-01,7.372600101437346565e-01,-2.302934818934437577e-01,7.643224914561446148e-01,1.112228327315955667e+00,8.382504712685850956e-01,-3.940568101199924955e-01,1.814782664886498642e+00,1.141514415082454548e+00,-6.114745200910456230e-02,7.843679587535226094e-01,1.192454715975748814e+00,-6.884082732605587562e-01,2.041120539877402607e+00,1.287432030449937870e-01,-3.727493704041212608e-02,-4.186490328394269073e-02,5.908521839950242605e-01,4.921468392957840665e-01,1.881653267214474567e+00,-4.055944406140163383e-01,-1.173033160945022413e+00,-1.343385291912056800e+00,2.046263722618203218e+00,3.990918620581239140e-01,-4.170745675597387625e-01,4.201698554303202604e-01,1.201596034271465441e-01,-1.372324915118753097e+00,1.317780583790284510e+00,1.000000000000000000e+00
7.201989511500219709e-01,-1.016815183998247996e+00,-6.473398446822955510e-01,-2.098227169334126341e+00,-3.229804160133475044e+00,-5.977109242438853887e-01,-7.514828400950502862e-01,-9.184530351005166793e-01,8.383917549819774884e-01,-5.131609731781570094e-01,-2.960897229124951124e+00,-5.807974850703317982e-01,-9.950586791377963314e-01,-3.682054119270990467e-01,-1.208241177481991446e+00,-3.627599727283823960e-01,2.663653471419793473e-01,-6.869207317122597578e-01,-1.209362735572906189e+00,-6.709521815250139021e-01,9.229084213878051557e-01,1.264750504561871436e+00,5.728346691052466078e-02,-2.041539727111789659e+00,-1.447041005093606003e+00,-9.489972151068848394e-02,-1.827261456081451074e+00,-4.588288784114724628e-02,9.012067155656255935e-02,-6.209071558163308246e-01,-1.487877351882565424e+00,-1.687003780205012404e+00,-1.618392575322253890e-01,-1.080169148798983958e-01,-4.997994406562747960e-01,-9.585855948355819223e-01,-2.826412694479608412e+00,-1.550286652708373403e+00,4.951854499275012422e-01,-1.259354637198400795e+00,5.285739298371339157e-02,-8.790764067380426594e-01,6.632424393731450873e-02,2.374071924488370122e-01,4.130552628923500613e-02,-1.147201716217174816e+00,-1.049272872447451821e+00,-1.305172261482781426e+00,5.347547407215180737e-01,-2.867645836868418785e-01,2.000000000000000000e+00
2.296832361569307590e+00,1.891953696003040530e+00,-7.338257119484402624e-01,8.481266112901441057e-01,1.546703098359824669e+00,2.791335632777462550e+00,8.802430282459938748e-01,1.508472379954934883e+00,1.469094774115603741e+00,3.425760217297773025e-01,8.374269364998299103e-02,2.285910450549152984e+00,-7.478046213992463054e-01,2.648258839055409375e+00,7.625030337053858576e-01,1.213927829391985735e+00,6.314681907890238310e-01,3.283690819887808310e+00,-3.159734151953258463e-01,1.378336281174917355e+00,3.801949192243711195e+00,4.598567070318882455e-01,-2.391527392996751766e-01,5.526185252655857472e-01,1.731010546605921130e-01,1.034197090342972469e+00,1.566825600686246656e+00,2.464512886790594770e+00,2.598561218661666228e+00,2.727787809356588600e+00,-7.756582620596693678e-01,1.451245379147093617e-01,-2.470685664351554012e-01,-1.679743142124886290e+00,8.277267358619573301e-01,9.728709676237710102e-01,1.610142782213618062e+00,2.532016292477940134e+00,5.581190700024488693e-01,6.059200048188095877e-01,-5.391060547903222533e-01,1.752596199243775077e+00,2.896467566658622594e-01,8.414975795006588433e-01,1.731258659798177169e-01,8.465300757270112220e-01,1.571742154809620651e+00,2.952308349423332645e-01,1.138824944491585445e-01,6.847938782455142981e-01,3.000000000000000000e+00
-4.437700638708255152e-01,8.388337512335782842e-01,6.155240666112726799e-01,8.413722338481512963e-01,2.146800240535642335e-01,-1.826357961678878872e-01,3.458054774298028877e-01,-9.129080123175827843e-01,-2.784046856500736578e+00,1.429727480300979625e+00,-3.376244921776661578e-01,2.688893892987246126e+00,-3.877670083409571200e-01,-9.308160362677316002e-02,1.049973434601114253e+00,1.519125558914729002e+00,-1.629262355680599184e+00,9.728425662928799067e-01,1.762456937638543941e+00,-1.112680070990926362e+00,-3.378396239573905890e-01,8.046967684769650297e-01,8.939235317429676808e-01,-2.110904763134650697e+00,-1.111700222070089339e+00,-1.680316380618441120e-03,-4.535261855953117704e-01,5.997099120696358643e-01,2.289942283335705819e-01,6.149038870738373630e-01,-4.057133419542208741e-01,3.416030622755292789e-01,9.025419572771902210e-01,-5.975702375764906371e-01,-6.833659378820542418e-01,1.535308548914546822e-01,-1.126669193024567583e+00,-5.191369828731871028e-01,-8.462450294010558371e-01,-2.644122032444014003e-01,8.336878813841208657e-01,-1.261370723789840165e+00,8.424426361768547755e-01,-2.882514596113452954e-01,-2.488999296615635348e+00,8.046490716110765717e-01,4.399942728396888936e-01,-6.757944885233778676e-01,-1.412349981602987414e+00,1.672594705400263893e+00,1.000000000000000000e+00
-2.125531622104003038e+00,-1.247026557503816413e-01,4.022897747417077952e-01,3.434556741359149346e-01,-1.502084935613710925e+00,-1.567446348130634437e-01,-1.553094896639975797e+00,-5.182715891985416601e-01,-2.614061071368362299e+00,-1.007328438945924054e+00,-1.124408968140915288e+00,7.726168039660175069e-01,8.039783815400023403e-01,-9.059099307926375966e-01,-1.469041893441720426e+00,1.675713176330821952e-01,-1.058561629712965635e+00,-1.562191150401135875e+00,-5.624674703713850032e-02,-6.435648617391487303e-01,-9.808417098392239186e-01,-2.309044975421115975e+00,-6.123450695904687491e-01,-9.044303397601903827e-01,-2.556397516860607899e-01,-9.170149832623041286e-01,-2.507193178468156702e-01,-1.773823582673529353e+00,-2.201018087263283185e+00,7.980752481482624727e-01,-3.894728197644534706e-01,-1.712599332583030431e+00,-1.604726531496375674e+00,9.551393606767721867e-02,2.222704692806520832e-02,5.211240187418728631e-01,-1.614513193351834186e-01,-8.263628452678383196e-01,-8.304067539502060225e-01,-1.647467260207326589e+00,-1.757310426077117516e+00,6.491322151561085274e-01,-1.247884052969945090e+00,-2.334898886112473981e+00,-1.561747089673723554e+00,1.811288669807925578e-01,-1.768984476223336877e+00,-4.320900272195192238e-01,-1.624503456466756202e+00,-1.964146448502626097e+00,2.000000000000000000e+00
1.711916740219836308e+00,5.452080003128237928e-01,8.285322962445005324e-01,1.014366469567887119e+00,3.030382308425680460e+00,1.375357077950257523e+00,1.255997066157357844e+00,4.794224747371000350e-01,9.070810273597813556e-01,1.402935287166099387e+00,1.310756739012491900e+00,8.925253878729649815e-01,-9.853368273338486416e-01,1.236999524788485960e+00,1.314663715489342799e+00,1.006180471352085437e+00,8.165098215890660427e-01,1.791231929734918626e+00,7.802494991283631665e-01,1.150298306159754480e+00,9.257987675378783754e-01,-9.654538299521472355e-01,-3.289953841753990860e-01,1.869757412208305603e+00,2.590081732741397191e-01,2.842165371406698782e+00,2.295285332171062009e+00,2.314030926289139423e+00,8.964571375511839468e-01,1.965500026462372762e+00,1.356236341376592325e+00,2.468961708372733543e+00,3.887901855346465041e-02,7.699430104242702688e-01,-5.824088818299298920e-01,9.155150191641573398e-01,8.395285055653404216e-01,-2.902128954130486216e-01,9.173478133085364306e-01,8.100357726722420271e-01,1.348695123800164763e+00,-3.917637494456763791e-01,7.108992728361113178e-01,8.988607110245037113e-01,1.581616253006064898e+00,2.426463361791418860e-01,1.259904821298418742e-02,8.221829700794500706e-01,7.087245018061187896e-01,1.018606024291562662e+00,3.000000000000000000e+00
-3.217860158411025573e-01,-1.467965116135108383e+00,7.271511886020252113e-01,1.386723273082654528e-01,2.889653379474558026e+00,3.582906461862072622e-01,-1.722139078009200075e+00,-4.145297415653140249e-01,-2.308865944748524246e+00,-7.530552375797839870e-01,-1.541429381981025859e+00,2.046322316349618101e-02,-5.296598002693028162e-01,-9.487271828788025330e-01,-3.865786923190568936e-01,-6.166898504290468930e-01,1.037626529207539727e+00,1.928630288714388019e-01,-1.291001581862434966e+00,9.040260991416255720e-01,-4.940528987893122448e-01,7.501216322578427853e-01,8.002814151121918629e-01,2.304390018083150304e-01,-1.387059324590711906e+00,-1.656434733252980740e+00,-1.197609833415726799e+00,2.732691857943749247e-01,4.478855632979704127e-01,-5.686347248433095691e-01,8.793765662559607788e-02,1.169887513594145334e+00,1.206241800103262513e-01,4.314523454376800182e-01,-2.512766350581790431e-01,1.000864350215074500e-01,3.117211890602048507e-01,1.384802060862203588e+00,-1.464148430806941625e-01,2.219896759596074187e-01,1.183131492058881129e+00,-1.052141226062580204e+00,-3.367602503598060570e-01,1.885805357531081361e+00,1.380440140838339103e+00,-9.301726356216035718e-01,2.612256029671269353e-01,-6.049467708861967497e-01,-4.374478691290258903e-01,3.861952346330954078e-01,1.000000000000000000e+00
-5.567609038554570677e-01,-4.780927772134465070e-01,-2.185372671325676475e+00,-2.374506166874200908e+00,1.636127072830452223e-01,-1.873442473373886141e+00,-9.810085553847662787e-01,-1.416772729453380508e-01,1.235424719475955113e+00,-1.704195084475404354e+00,4.601774321533742551e-01,-6.323411489307414479e-01,-1.159781456483933937e+00,-2.203757125416263563e-01,-2.824251170376061992e-01,-1.148094686708860390e+00,-1.468325959968409311e+00,8.027542206769426869e-01,-8.743039009981509180e-01,6.808677336661073110e-02,-1.320006209014362941e+00,6.287269644268949076e-01,-1.647253753802619514e+00,-4.395803311276658132e-01,-2.125298805955453396e+00,-8.096016908498520070e-01,-8.509502603204579518e-01,9.273786846039822063e-02,-1.066446115467653222e+00,-1.226091802108692175e+00,-7.680455668873782393e-01,-3.238107400237189459e+00,-9.663189178910996935e-01,-2.193541621566449606e+00,-3.226375908108147783e-01,-9.267768989129271384e-01,-2.137979119017517693e+00,-2.413026885951918388e+00,3.635497281170259054e-01,-5.993118504054550932e-02,-1.330998553628365499e+00,-1.990480935036078147e+00,-2.258731095822761326e+00,-1.233309030228294301e+00,-5.041948110431180297e-01,-9.745294355273508291e-01,3.323154469882099171e-01,4.353469404323675462e-01,5.302732641907612621e-01,-1.970269557705756513e+00,2.000000000000000000e+00
1.254308514137394637e+00,7.133717093286361388e-01,2.271845923053700922e+00,-1.785859996037940656e-01,1.638908583336099234e+00,2.171025705878767420e-01,8.735259770634348220e-01,1.163907052159413036e+00,1.364099671374157552e+00,1.286055603662477953e+00,1.121275284250186077e+00,8.072452520482802374e-01,1.368295083616110297e+00,1.490956605015417713e+00,9.101846678098369781e-01,1.212860716534462924e+00,2.095332497212615275e-01,6.167686430046070978e-02,1.187227653912117376e-01,-1.239728791624798987e+00,4.625575557474704835e-01,1.596690022243780760e+00,1.280797798855315417e+00,8.862563228701447748e-02,9.564139488225558150e-01,8.959149457819715057e-01,1.228402031876488332e+00,1.634575425559896988e+00,1.308379096501806504e+00,1.666883608001124228e+00,1.820190611158134963e+00,7.820600305397107377e-02,2.578316035216227764e+00,2.626787717291851898e-01,3.926601433578985390e+00,4.497844423090105459e-01,1.515627248649339398e-01,9.541886494786173678e-01,1.096111463670519814e+00,8.779060220423289262e-01,1.659452151609924098e+00,1.691934629471862905e-01,1.646848693198310176e+00,1.734548646198032396e+00,4.377200194510408870e-01,2.712180730129382100e-01,6.517208523278297250e-01,1.428093876953149266e+00,3.301485227188071914e+00,1.222746555054590623e+00,3.000000000000000000e+00
6.573961739449711850e-01,-1.117515893841367347e-01,-1.119418995022833929e+00,1.035097617020370731e+00,-1.269383274113373483e+00,-2.671253990138858780e-01,-3.048968166922409045e-02,1.205719221808839281e+00,-6.825020142782078914e-01,-5.076370982830586964e-01,1.529816477991257084e+00,8.189354100209693677e-01,-1.779032549551120279e-01,3.150934981339849061e-01,-6.916184082505063557e-01,1.596359437225661482e-01,-1.091225554655554696e-03,-6.006882667597366471e-02,4.861188519201810054e-01,-1.537980909627086445e+00,-1.822110712808066302e-01,-7.781775568920313857e-01,-1.675516044664861814e+00,-1.943198000837012551e-01,-7.380363571483164464e-02,1.564817131331390332e+00,1.036058029262407976e+00,1.392963970023603615e+00,1.680733125704672259e+00,2.039231951595738557e-01,1.764661717387386641e+00,-1.462258931496424608e-01,2.337876517897497508e-01,-1.349417431270093504e+00,7.819637557496197378e-01,1.126917460527553511e-01,-6.748935852546879000e-01,-1.693111319898223943e+00,1.232046660747278422e+00,9.173970942233198311e-01,3.281368557149788590e-01,-9.953272821909556756e-01,-1.820000816112490982e+00,1.716158048345573395e+00,-9.654988313398695787e-01,-6.946325801031674185e-01,-7.365572338759187598e-01,1.940689528220497895e+00,2.027577888982249998e+00,6.037194948603581413e-01,1.000000000000000000e+00
-5.425656956477376003e-01,-1.358969084579811692e+00,-1.060738570975157780e+00,1.437389409029873777e+00,7.596986869693977962e-01,-2.178443423091094733e+00,-6.300711285981168697e-01,-5.824116315034195690e-01,-2.113445872249484658e+00,-1.481644576610978703e+00,-1.270124256411654606e+00,-2.357333710034632546e-01,-1.149819411983062922e-01,-1.496588598147960969e+00,-2.823737558869481745e+00,-1.716188434584012601e+00,-1.408060943229491269e+00,-7.151602254206743670e-01,-1.202606099176075638e-01,-1.173832998071041578e+00,-1.180745167357702741e+00,-1.298662649897645238e+00,-1.823539697324696229e+00,-1.221839712289209956e+00,-1.315643159040356558e+00,-8.540989941365655369e-01,2.644948796854764694e-01,-7.702413340162084232e-01,5.850075492867901072e-02,-3.087467548375494308e-01,-1.926935246591352513e-01,3.532259611616666017e-01,-1.767032249379531850e+00,-8.546833029232584478e-01,-5.897122915515777830e-01,-3.174503561770785076e-01,7.708731173418210680e-01,9.490311786375515979e-01,-1.432378410152398418e+00,-5.664808549203625976e-02,-8.193546541136137451e-01,-8.146891917321974486e-02,-1.139712627215233365e+00,2.661365571323606183e-01,-8.263256344747608173e-01,-1.742818862321557694e+00,3.821738025162533248e-01,-3.383056949369511179e-01,9.214167373359172242e-02,-6.902047191281662775e-01,2.000000000000000000e+00
7.184818278845450656e-01,2.164287395231321742e+00,1.055319047776471342e+00,5.788613088606203716e-01,2.727008002872612913e+00,1.007072754001286041e+00,1.207728006318055103e+00,6.007643584538489012e-01,7.887870329588412277e-01,2.821114153084403942e+00,2.499283232600468807e-02,1.969426632835440838e+00,-3.470342204015078869e-01,1.094375516923066449e+00,3.722142860923030039e-01,-1.295816300066705118e+00,1.486421438192656597e-01,3.262319890358058583e-01,-2.832474189584722746e-01,2.942414764489679424e+00,-8.908058636690038279e-01,1.493981410622794659e+00,1.655668636128013738e+00,3.207290484612819181e-01,3.141494231438390905e-01,9.210073881747601332e-01,1.146561120702910941e+00,4.446839821791304104e-02,1.456197451283928412e+00,5.164675975606982661e-01,6.937313404189635602e-01,-3.634887917043360117e-01,1.244302214040723609e+00,8.882332796569091249e-01,-6.096471798310386658e-01,1.402995294441391261e+00,1.693043513073336115e+00,5.197941278844233626e-01,-1.599765095056945308e-01,1.706690274456562628e+00,-1.446108290866215729e+00,-1.253293295477259095e-01,1.496851920505350320e+00,1.757598309592875996e-01,9.857074344029721491e-01,1.240286534624928994e+00,5.796335629618696306e-01,2.582876265051632370e-01,3.077840978759029067e+00,5.466184825700701744e-01,3.000000000000000000e+00
-1.209774524268992790e+00,-7.325112375679853072e-01,1.595935831199818633e+00,6.815935734404472424e-01,8.846330187160684755e-01,1.366345422993215930e-01,7.935273238815564456e-01,-8.505151615027822798e-01,1.082147879047299588e+00,-4.729315432430539201e-01,-8.116841788942362745e-01,4.149574479963074602e-01,-1.186823683582558936e-01,-9.053267421811743709e-01,1.243429503915356005e+00,1.367148642540400472e+00,1.918689465964283247e+00,1.093328508847068559e+00,-6.963124258503387010e-01,1.664912898462308055e+00,-1.144372577488860454e+00,3.433387717762383939e-01,9.373544221660506937e-01,1.105125341850861753e+00,-1.903840876395823001e+00,-3.955671337935092735e-01,-4.272189716716396357e-01,-6.027629995567972410e-01,-6.488634091148027805e-01,2.220195729126196671e+00,-6.509364825640803209e-01,8.774471283004244837e-01,7.388118680479246470e-01,5.012774285671687258e-01,-1.251365338851056386e+00,1.096413476737088111e+00,-4.738393536800092343e-01,-2.796865836879288136e-01,-6.829557100886644028e-01,-1.279587179183187429e+00,1.062979474852355999e+00,1.890470179782715310e-01,2.812100835924281617e-01,9.240883729288047466e-01,-5.023583847124810653e-01,1.677107273419672584e+00,-1.257056924138591825e+00,8.299362308009484712e-01,-1.627542084949413770e+00,2.745514066129015052e-01,1.000000000000000000e+00
-9.239410061592141510e-01,1.510312727328212423e-01,-1.132447009820085837e+00,-1.103766963444975380e-01,-1.190841631949390855e-02,-6.829992719539397239e-01,-7.047245497836908124e-01,-2.166057230438514836e+00,-1.706843956227435788e+00,-3.494600277718552528e-01,-4.499524267494877106e-01,-1.773988523392051597e+00,-1.572359565283792726e+00,-1.530044545871713346e+00,-1.417813272622812093e+00,-2.017012580282367296e+00,-7.860107420277936408e-01,-3.869192453878400606e-01,-2.452523374110725740e+00,-1.130869924570487850e+00,-2.007800091956613908e+00,-9.908026534739666769e-02,-7.133499671857593816e-01,-2.366412013991847640e+00,5.181920182979879996e-01,-9.191674191113099468e-01,-1.297293869912034214e+00,2.340273919763666832e-01,-1.860936383208212863e+00,-4.179597648129604326e-01,2.259044365591282855e-01,-6.679996793310638559e-01,7.879563274087919567e-01,-1.942283230706232100e-02,-1.609176597132818021e+00,-1.252538829594161296e+00,5.830629315499125109e-02,-1.880655224942168191e-01,-1.193798800637095425e+00,-3.718149991812555455e-01,-1.606014627251803439e+00,-1.863201068686676010e+00,-1.088547465114257262e+00,-8.810364763490385887e-01,-9.126805209718211742e-01,3.699962759382202648e-02,-1.241866236204892449e+00,-3.044099864521583876e-01,-1.526666548782849464e+00,-2.111370821818606025e+00,2.000000000000000000e+00
1.086496175442500434e+00,1.639781479601145620e+00,2.540399467352248308e+00,1.238514988167443986e+00,7.333320658283153382e-01,2.782753585957047360e+00,1.712101888979037811e+00,1.966671905060699110e+00,1.406038357416403262e+00,-2.682662888182163474e-02,1.752732831352486143e+00,7.112126755577333759e-01,1.161512040135937784e+00,-1.525838273152947622e+00,7.125411207777687661e-02,4.198479378706366782e-01,3.030704714752678886e-01,-2.949079659915243568e-02,4.030133912020619769e-01,1.112139311747732284e+00,4.658055651388975926e-01,1.036708831113851925e+00,1.746741152805477704e+00,6.304609280951752881e-01,6.338067009614456460e-02,1.744477056450038699e+00,1.003808413282227585e+00,-1.317194866762535721e+00,2.387914069736069234e+00,2.705411802812155431e-01,2.813250483814466740e-02,8.213434728084950676e-01,2.431232477431281014e-01,5.819843106580071534e-01,1.597457908651199521e+00,5.771865712332069354e-01,1.874124572230330354e+00,2.733067426015306500e-01,2.656915157137941907e+00,-2.342685160466845495e+00,6.850233974861177355e-01,1.387787943814100977e+00,2.850625563930484052e+00,6.633949251897238719e-01,1.602985961832005479e+00,8.872414723587305208e-01,1.528231017245048839e+00,1.704710149358532156e+00,-3.340563508506412260e-01,2.056416605088462024e+00,3.000000000000000000e+00
1.884657682031645631e+00,1.212867121225173817e+00,1.471764498709874358e+00,1.981128319038266694e-01,-1.830774082220189891e+00,-5.356498649179740612e-01,3.201301630514428176e-01,-1.271718082767450964e-01,7.182891893982925602e-01,1.867423270012275704e+00,-8.975821699070648529e-01,-1.534186632506425729e+00,3.659362436966803189e-01,5.781680696155526711e-01,-4.464303783909048112e-02,1.227321167836480598e+00,7.416196980929385951e-01,1.154844440627351032e+00,4.282273716182909973e-01,-1.035339719311608286e+00,2.577621046897964341e+00,-5.330105420731713339e-01,-5.142538138594691943e-02,1.648830459553611572e-01,-8.249613612362256543e-01,-1.086230760066773993e+00,-8.651404225430286976e-01,1.461179299944596499e+00,-1.601252268239581777e+00,-1.008994228013027961e+00,4.042316722270654084e-01,4.656292405163352244e-02,-1.014942200238493797e+00,1.785871351568001364e-01,1.373587531266841744e+00,8.659491991048838821e-01,-3.987452688824177360e-01,4.050176231535959070e-01,-1.121764950293918206e+00,-9.468485201126325412e-01,-9.005918739347708035e-01,9.065485346298143843e-02,-3.880910239702029529e-01,6.775204166458984600e-01,-7.445140166848968066e-01,4.634082568907401112e-01,1.658336373974807487e-01,-1.295343635526500004e+00,-2.794153001005549308e-01,-3.527442901791856267e-01,1.000000000000000000e+00
-6.268933268415337601e-01,-1.422782405533977279e+00,1.322955703026630347e-01,-8.641575639383246576e-01,-1.541257089488352605e-01,5.675377845658102771e-02,-1.539251228949782835e-01,-1.709731668261784243e+00,-1.683732046646091440e-01,-2.662439341998833697e+00,-1.117454177295754914e+00,-2.325330718354902348e+00,2.045369252186178599e+00,-3.472952151639901452e-01,-1.628961620355287909e+00,-1.911460280782679044e+00,4.233243339819559026e-01,-6.411183984670070224e-01,1.786060166929805959e-01,-5.784793956874263454e-01,-1.386342520782597454e+00,-1.335996496386257171e+00,-1.211203610134709896e+00,-1.552764882885376396e+00,-3.075352079685993445e+00,-2.056240808218284144e+00,-1.467974130029903623e+00,-2.607253174419292829e-01,-2.417618143959392008e+00,-2.458094013221320040e+00,-1.638908363437856064e+00,1.649388470677237706e-01,-2.003547452903493564e-01,5.589944155275754500e-01,-8.000466521648011975e-01,-2.175208532459088406e+00,-1.322999048846564829e+00,-1.370181806870030217e+00,-1.314674496423479111e-01,-2.672567117547866467e+00,-4.733659326254072153e-01,-1.360298578362600264e+00,-1.876450826561365748e+00,-9.149342449170444480e-01,-1.541360150120280048e+00,-1.873986111390951947e+00,-9.810258966984716222e-01,4.078982266000312773e-01,1.285432873089541461e-01,-3.708947602292008150e-01,2.000000000000000000e+00
1.423276993663402656e+00,1.611589113002111606e+00,1.001481561862433534e+00,-4.795378303551512955e-01,1.114489630519933439e+00,1.440373718481834375e-01,1.691880716223834735e-01,4.516156929784120866e-02,-1.145212054604960450e-02,-5.400123983685700679e-02,1.248944793585033519e+00,1.305152073532413359e+00,1.508202222701668926e+00,1.997746434267639870e+00,7.346600698741494462e-01,1.798084789337695222e+00,8.207625319996485480e-01,6.380660934677606644e-01,-5.234539880068970197e-01,-1.112550575885162374e+00,1.726513516748389598e+00,1.402438949260818912e+00,-4.316644302412443457e-01,2.106490426180296804e+00,1.542071991551535515e+00,5.555050547698248131e-01,-6.679610702585759840e-01,4.764868057595700868e-01,-3.456512092698338368e-02,-3.102580225779164591e-01,1.725824628913966041e+00,5.306549287217829924e-01,4.681366694113653359e-01,-2.261219664091745907e-01,1.217112666348157957e+00,7.707434471017735600e-01,-6.630994703912947985e-01,9.859442189323789352e-01,1.458382752844036290e-01,1.371914099142804266e+00,1.199618211184726668e+00,-5.257526780490617835e-02,-2.377067138966632021e-01,5.840452750178801722e-01,-1.210182583355672747e+00,1.263011597884146298e+00,1.756596324495648620e+00,9.405659972470771235e-01,2.263264611569550500e+00,2.226980450267161515e+00,3.000000000000000000e+00
-4.359981484536795127e-01,-1.569042448810722856e+00,-1.279235969143304175e+00,-4.007644951368061897e-02,-9.220432892298783267e-01,-1.786714096025876497e-01,-2.365283264381357942e+00,-3.557701698258607936e-01,-6.167267353992905710e-01,-8.804418891369545364e-01,-8.470423951518085692e-01,-4.639985371379632406e-01,-2.231513462238755852e-01,-1.124407870741776394e+00,-8.469557602354930992e-02,2.272501559615451305e-01,5.536741794067314704e-01,-1.406727239266720275e+00,-7.012068977665820713e-01,1.924559444230460326e-01,-1.889920678963245837e-01,2.441322316351000943e+00,-2.375055435686392880e+00,1.926920742641842876e+00,1.057289997969071277e-01,1.929336201824870312e+00,1.294514061652779491e+00,6.627356531980248544e-01,1.489258913262254014e+00,2.788498903520507735e-02,-1.569519164762088748e+00,8.939820107596472276e-01,1.162858974376667520e+00,-2.026660230781408334e+00,4.120574761902814909e-01,1.020809433709918057e+00,-6.054279109143198001e-01,6.763593334694637527e-01,9.589247764568840093e-01,1.056787273220502144e+00,-9.564846872061624206e-01,-5.148529860137147640e-01,6.982870736600981232e-01,-1.432084829924696212e+00,-2.568298408748717065e-01,8.995468487225970478e-01,-4.906951592894069347e-01,8.591614363249636122e-02,-4.921174325930061655e-01,4.603246135438824882e-01,1.000000000000000000e+00
-4.503412416533977836e-01,2.221024990026032597e-01,6.509363519989384006e-01,-7.218738346252373539e-01,8.780657156274636055e-01,-7.756467230392907197e-01,-6.269943154674140207e-01,-1.287967716648230621e+00,4.000101130299416052e-01,-1.548106958268963051e+00,-4.549467956187688289e-01,-1.834328070867965677e+00,2.020741490419297293e+00,3.819513020776756917e-01,-2.091779823872188082e+00,-1.084631662139649233e+00,4.010468862477327701e-01,-3.605356162702885725e-01,6.037147523784023306e-01,-5.117139635745702186e-01,-1.229749066598877283e+00,-4.331351802109305038e-01,-1.998195109999529429e+00,-1.098624435123200183e+00,-8.138995685407919289e-01,1.232922809702045042e+00,1.178858502161966859e+00,-1.753554653347942249e+00,5.833792372464641218e-01,8.618524913544012289e-02,-7.324687279819022123e-01,-6.857534037243042668e-01,-2.448127626529240430e+00,-6.934031534664544250e-01,-9.417491686855108401e-01,-2.217738227195504841e+00,-6.349354195217505881e-01,5.336263774783942537e-01,-9.324484270830564192e-01,-1.232126324897938163e+00,-1.932837578517337951e+00,-1.387549093562058466e+00,-1.847370147217929359e-01,-2.222467327603774301e+00,-2.355381527095887328e+00,-1.464388718572952275e+00,1.324854724810420104e+00,-2.200671697408381533e+00,-8.497579430111056320e-01,-1.031808146673877546e+00,2.000000000000000000e+00
3.041148395380750546e-01,9.169827342637439926e-01,6.599850095376156300e-01,7.264074106814933929e-01,8.089666036349951739e-02,2.637788841780906335e+00,3.324082364278335699e-01,1.523644656687040522e+00,2.069978417232113177e+00,9.333408098377470319e-01,-9.992019697899380271e-01,1.246870005176847318e+00,1.590812721909956373e+00,-1.545880668580953410e-01,4.395389122652419989e-01,9.579531548524944373e-01,2.559709380436295145e+00,1.554487619461023540e-01,5.103042591707511733e-01,3.886157995533281451e+00,1.422730896141547241e+00,9.647025742681378802e-01,1.125302340712570626e+00,5.048788826772224736e-01,2.276276443570226959e+00,1.191753930791686900e-01,1.403817909416023024e+00,1.937206380867354305e+00,-1.180928166759475095e-01,1.531335922969170316e+00,2.543226783737584373e+00,-2.598165980389272045e-01,-3.028892681242995044e-01,5.056317049379041029e-01,8.762430472895693656e-01,2.100451845873376744e+00,2.028665193647821940e+00,3.693338353493652360e+00,-3.897781216131542825e-01,9.726982253971195869e-01,2.609794317831463095e-01,6.735794294916103153e-01,1.650904511400659525e+00,1.842250717664076110e+00,6.542766511507959182e-01,-1.508621198320142298e+00,6.363952360945759334e-01,-1.348307205043283385e+00,2.721025970656338888e-01,-1.099846425765492741e-01,3.000000000000000000e+00
9.522895916177457343e-01,-9.154435637823589156e-01,-1.252607326023775114e+00,-1.419553084372342289e+00,1.079457001755994155e-01,2.140879140195606212e-02,-5.102601824940575792e-01,7.247070388559280207e-01,-9.622254695320222595e-01,3.119538228458941242e-01,2.118372663848405502e+00,-1.149837161303342903e+00,-4.128005101296063906e-01,4.648382676699292504e-01,-1.095057042527650681e+00,2.038332703734179407e+00,-5.836096908650708626e-01,-2.498041885990162747e+00,-2.049701801819488745e-01,4.926578881069400007e-01,2.281842802041385287e-01,1.832767360880785956e-01,-1.302385122471542811e+00,-1.995553200764464519e+00,-3.706239136356352937e-01,3.113708155276829759e-01,-2.044417736651543915e+00,1.014928699579065174e+00,7.552469880229786270e-01,-5.384803030385827416e-01,-1.290066015723615074e-02,-9.942879629603591507e-01,9.755450611804333816e-01,-2.665592690424837818e-01,-1.531014621550750521e+00,7.748328528042831564e-01,6.361716391571973217e-01,-6.786466759093525702e-01,1.506907079630985802e+00,1.277890963700988092e+00,-8.283675194507533757e-01,-2.111436503917840657e-02,5.138566263684467561e-01,2.767789884479182616e-01,3.492027133520518856e-01,6.456147698606325980e-01,-7.858518473376174818e-01,-1.072679897882822253e+00,-8.353679008449160781e-02,3.070835656123416246e-01,1.000000000000000000e+00
-3.168577887414165684e-01,-7.907569491275290297e-02,-1.722758421612015312e+00,-1.213934913995600606e+00,-8.926175745914347592e-01,-1.138353334021888763e+00,-1.575021355798636113e+00,1.848604836737433033e-03,-1.950423166357045934e-01,-1.149294258558554604e+00,-4.113929300957768764e-01,-1.909420713971127004e+00,-1.280254138898489158e+00,-1.201378671672118426e+00,-1.009468350119387514e+00,-1.730873327228024117e-01,-6.722598517125548678e-01,-6.504592849238096663e-01,-7.723783648338122809e-01,-1.064804113706674382e+00,-3.267777674183771075e-01,9.386033364901589238e-01,-1.836485119584925441e+00,-2.851178109486482981e-01,-1.732900459919365588e+00,2.208976249533296521e-01,-2.340754221527011403e+00,-8.224830477993889666e-01,1.700483755631531091e-01,-7.697965056734981104e-01,-3.332186505232233031e+00,-1.135911888371082590e+00,-2.090024296977254004e+00,-9.467361416604972435e-01,-1.152907995148377829e+00,-7.034783827204675877e-01,2.169741985763482539e-01,-2.699256476567374552e+00,-1.253537185732556347e+00,-8.249911527626070384e-01,-3.138726839612942854e+00,5.634376174604756038e-01,-2.785557635834849943e-01,-1.454877506336966775e+00,-2.075036091980347663e+00,-2.655393353805434842e+00,-1.101793406395949582e+00,-6.332821690878651655e-01,-2.348130324322855955e+00,-6.068872295187192067e-01,2.000000000000000000e+00
1.274287313904874486e+00,1.174271375796193340e+00,1.638035012665691070e+00,2.057362168333353392e+00,1.010056629171810050e+00,9.392780071352555549e-01,-6.958168094281710347e-01,1.024941698771205001e+00,6.107911855538058488e-01,7.397677661286736761e-01,2.071940647280184233e+00,2.302827127914671479e+00,5.904364408869415826e-01,1.584216871782765157e+00,-1.346896612205275012e+00,2.427470898258712761e+00,-1.177716070134937176e+00,3.226322274418405023e-01,2.088019467943092788e+00,2.145077660936519859e+00,9.206841304751640642e-01,-3.952679280940917250e-01,-9.242001278815603627e-02,-1.559701576259008071e+00,-3.590772262408027382e-01,1.857775848478030456e+00,4.996982425150495732e-01,2.913059492148321050e-01,2.585405496596178132e-01,1.710546201723876614e+00,7.077465918872287709e-01,1.781288947924568822e+00,7.420229315372943724e-01,1.219545436987037323e+00,9.351407502944386607e-05,6.178782922867025462e-01,-8.480326505576529783e-02,4.686655245545496284e-01,2.102226598777560795e+00,3.689361071604413400e-02,9.263161583676238209e-03,1.697417708378400336e+00,2.996279270106262604e+00,-3.534267822268321035e-01,3.458680328198298959e+00,1.111558970860165863e+00,6.146625176607233287e-01,8.529182985605032741e-01,2.470263025408290680e+00,-1.393576750384351914e+00,3.000000000000000000e+00
4.715241057262985480e-01,4.191435222528946403e-01,-7.146293750186490101e-02,-3.552596832380943703e-01,1.168000936811915524e+00,-9.810824253363653602e-01,-4.805475280596211984e-01,1.949765443270857004e-02,9.850578145511421635e-01,-1.136287304937763309e+00,-8.221058145178122833e-01,-6.066648631591164964e-01,-2.122415854364350984e+00,-2.296396223177474827e-01,9.762436619997280074e-01,2.743026290774320045e-02,-1.137944779547655605e+00,3.236840539922691273e-01,-5.617821808170059272e-01,1.150446907679669728e+00,2.797344341963489134e-01,7.205405232150199901e-02,-1.885519675796917261e-01,-9.425376098368180022e-01,-1.370400980706235172e+00,1.632439135416801745e+00,1.163455454137681144e+00,-1.135849670456457600e-01,-9.762001428080235854e-01,1.350588482591321027e+00,-5.824963675271740970e-02,-8.123775518330847989e-01,-7.003951846577788354e-01,5.611998453464087655e-01,1.912080847231736602e-01,-2.066402520985891389e+00,4.932388910947969191e-02,-3.911500684383160675e-01,1.482188048034196237e+00,-8.018772354058021357e-01,9.306973327149624664e-01,1.487254919527755570e+00,-1.946919828612541759e+00,-3.948930860822812416e-01,-1.265093029863636698e+00,5.756434229495946964e-01,-1.846121357104862026e+00,-1.160481032848188265e+00,-1.118089547152148810e+00,-4.624319941806465106e-02,1.000000000000000000e+00
-1.595547480874195401e+00,-2.753575851648046857e-01,6.493531757185302400e-01,-4.957726807073880582e-01,-1.407774633166785305e+00,-1.937616912768017841e+00,-2.707297851844548298e+00,-1.200983327596236494e+00,-7.987325337765861510e-01,-4.368542522893417157e-01,-1.574758228859381770e+00,-1.452274893083480567e-01,-2.071302431196694327e-01,-6.829848985982563958e-01,2.868557582206350265e-01,-1.113851137522434254e+00,-1.283759472769818721e-01,-2.216462344041410404e+00,1.147228903981294623e+00,-2.972612652897369756e+00,-7.523932266450884532e-01,-1.437849262814649975e-01,-8.245739879117015558e-01,5.314740320781023986e-01,-1.716393107408177965e+00,-6.833733277294914421e-01,-2.847685183549470977e+00,-1.479956762801946990e+00,-6.127006865179586148e-01,-1.888676837822648391e+00,1.423836319171548181e+00,5.574158898191372558e-01,-1.051953063343353367e+00,-1.549818421743440533e+00,-1.932989690760303247e+00,-6.003137756202777675e-01,-1.344154001178386348e+00,-7.460847440844891043e-01,-1.502269513421682134e+00,-7.135960548405043680e-01,1.866338637035830361e+00,-1.061814590279931636e+00,-1.756875445975500050e+00,4.329768413777714819e-01,3.432946873938009791e-01,-1.244765219195313577e+00,-9.291888646202733915e-01,-7.618853673403946924e-02,-9.795791271512295229e-01,-1.985395407545383240e+00,2.000000000000000000e+00
-4.662798983025181476e-01,5.395500467067961825e-01,-9.375961436924752368e-01,4.374205277669773739e-01,4.001961770902688897e-01,2.663939697447324395e+00,1.460117448023067643e+00,5.560751417451692546e-02,2.077933871940202959e+00,7.239500495176808270e-01,8.569084406228194561e-01,1.925224070616732064e+00,-4.902580632587557607e-01,-3.188115089006374747e-01,8.842184549725091713e-01,-9.218284408647857697e-01,8.730555209906605274e-01,2.194016422003021383e+00,7.645083209516582157e-01,-8.032213679359223590e-02,2.154488743042016097e+00,4.446127467371334130e-01,-3.391323059427283626e-01,5.182787380724197535e-01,1.087316988731541478e+00,1.225593882775392496e+00,-5.646782704446107193e-02,2.554512204066307302e+00,3.313584809350058169e+00,2.823355768496625950e-01,1.187433675271426292e+00,1.036117968704248105e+00,2.049107563100303508e+00,-2.130711870703397182e+00,2.512955185356600118e-01,-3.788753282074474038e-01,2.345423574161118907e+00,-5.063946703426115414e-01,-9.877807702810866841e-01,1.590429145046385662e+00,1.036838755248968846e-01,-6.921016030112493445e-01,1.089992311030076877e+00,2.297315548483968017e-01,3.232310935996529633e-01,1.715678731475434926e+00,1.122829689305948619e-01,1.792854520937925855e+00,-6.603615317066880985e-01,1.941524596076728670e+00,3.000000000000000000e+00
-8.148438612918793567e-01,1.427520252195078276e+00,2.152608740865021540e-03,1.153208099389300793e-03,2.575622815207620486e-01,4.056058021643474953e-01,-6.985176113989215174e-02,-1.789797731771265887e+00,1.515887820228809080e+00,9.688527382488135720e-01,-2.832105318804322563e-02,-1.940878724666222910e+00,-1.427015170488711071e+00,-6.312821159419590433e-01,-2.862548990298566798e-01,7.034361618289627360e-01,1.479197838989597225e+00,7.993034913989520776e-03,-1.120293112285555698e-01,-7.188462179506235339e-01,5.286937013994353896e-01,5.942378875476015399e-01,5.976164857509629336e-01,-8.107044930185821618e-01,7.038713467679160729e-01,7.339691882280350299e-01,-7.241779761830268169e-01,1.664052827480265173e-01,4.392688117698327344e-01,1.136017430389867355e+00,5.132195313016360005e-01,-3.647591067549856847e-01,1.178333160284070091e+00,-4.969972160906700465e-01,6.627696125396170812e-01,1.341605634639199685e-01,9.591761797093496522e-01,2.368375277075754071e-01,3.717400271829347513e-01,-4.855773910015679928e-01,8.120015742019129346e-02,-6.322429866489313044e-01,-8.473077206390741689e-02,5.482721317876975142e-01,-3.243266961399580706e-01,5.242845041340343792e-01,2.098639880230114940e+00,-1.351042932686518983e+00,3.196112354462566363e-01,-8.750531980828868406e-01,1.000000000000000000e+00
-9.349561888553026279e-01,-7.431311921130328013e-01,-9.301299666229871921e-01,-2.909405541130228867e-01,-1.473414181675797741e+00,-1.074705308663381320e+00,-2.408150683609451725e+00,8.276596557196624904e-02,-7.717937479658637523e-01,1.151874711212759417e+00,-2.360188245697294462e-01,-1.880449283061604637e+00,-8.721042191069476868e-01,-1.065631504700651266e+00,-7.312686155832137658e-03,3.114658818281057506e-01,4.855387545671647764e-01,-8.331962784371412800e-01,2.113043427519551987e-01,6.267794866111455754e-01,-2.372786175224092631e+00,9.835399303604663857e-02,-1.278499241531356745e+00,-7.429191627711576595e-01,-1.348743824215832721e+00,5.984360251643519035e-01,1.875184893578671907e-01,-1.064329036216890900e+00,-8.851187157746309708e-01,-1.767294107340959153e+00,7.423857042653057015e-01,-5.909465518382797100e-01,-6.493540920145974837e-01,-2.958473588226667061e+00,3.908383231054819440e-01,-2.047228747796249415e+00,-5.326442032038609664e-01,-1.102138703873485115e+00,3.141491081410827668e-01,-1.448441243440574677e+00,-8.750596426808334716e-01,-2.111535292074626646e+00,-1.441802201590223209e+00,-1.499031967123436004e+00,-1.457229793656551253e+00,-2.320506832046032031e+00,-7.685728319279204745e-01,-1.772939745345732288e+00,-2.208473715455930853e-01,-2.851209977224312908e+00,2.000000000000000000e+00
9.806530605426229119e-01,1.842269021032311827e+00,7.589150340821865237e-01,3.040782466605272738e+00,1.866718455934839316e+00,1.963225115316113989e+00,1.452745043753500109e+00,1.810589236704510663e+00,2.098958977812451998e+00,1.498823902371547501e+00,1.684500866819469866e+00,1.841584555064328388e-01,5.477174247132898799e-01,4.052613841618536994e-01,1.864265182690120426e+00,7.556312155848650125e-01,-2.015582169711821470e-01,2.467660050099202973e+00,2.198164650526391872e-01,1.514711913727396109e+00,4.981126716145372613e-01,1.037269253823356996e+00,2.363468278566486891e+00,4.535984910332320763e-01,1.296530042661840687e+00,1.964526294337012313e+00,9.140500999333930343e-01,2.007006079253207620e+00,2.077201577321769577e+00,1.327092398358139747e+00,1.883423395325040328e+00,3.403402639205928004e-01,1.439690592078468390e+00,7.450776846701209211e-01,6.137889043760070829e-01,-4.459194932206863582e-01,5.419631676416569732e-03,3.845257203258514167e-01,8.933574553884936487e-01,1.043489937478621510e+00,1.059593147208828023e+00,2.041854438901951507e+00,5.425702255485860270e-01,1.217914709362038828e+00,1.126595070579054614e+00,2.113747607407559848e+00,-8.587617957739224206e-02,-1.900851920060812050e-01,7.804640601137760036e-01,1.724466857007492138e+00,3.000000000000000000e+00
3.110602053134241540e-01,7.366916851673671607e-01,-8.881422894522839062e-01,-1.428798897763295273e+00,5.100541778452860608e-01,4.396293982329235184e-01,1.149345826455507646e+00,9.902617932858378547e-01,-8.716919595392299547e-01,-6.255575807161676272e-01,-3.703238823586284534e-01,-9.624264711480752243e-01,-2.007244616655145530e-01,1.260106963565562399e+00,-1.185090029272032330e+00,1.524517804085622430e+00,-8.523055817754160435e-01,-1.939317494936448893e-01,-1.071418893420470475e+00,-3.128533559734605896e-01,-1.186849071772706044e+00,1.050134143924505548e+00,-8.017351002544640393e-01,7.856295420458505596e-01,4.208556815327917922e-01,6.478319756069339519e-01,-4.338724630638777224e-01,1.183149656669528538e+00,1.139747316634498020e+00,-1.631665619083702834e-01,-4.267635046445596991e-01,-1.374116928019228467e+00,1.208181319052717084e+00,-6.373397284448968358e-01,-3.054021287496360149e-01,-2.267640301914111978e-01,5.734638893982754171e-01,7.348588828608120238e-01,1.242301173223824051e+00,1.202370067872415849e+00,1.370665849886787635e+00,1.408407010343182553e-01,6.197764435367830727e-01,1.231868663157934751e+00,2.010488866057585255e+00,-9.018489916808103413e-01,6.838399852743335394e-01,-1.626835071934869259e-01,-8.934848093163968441e-01,8.587842033690682442e-01,1.000000000000000000e+00
-6.679643021230015076e-01,-1.082108989442037039e+00,-9.357730272488045120e-01,-1.020984782527747825e+00,-2.167833574110546557e+00,2.426256613287856023e-01,-1.306454671818662039e+00,-1.364780690615625014e+00,-2.121564565302575200e+00,-2.416288146433320794e-02,-1.841161771434638217e+00,-1.412770651756020790e+00,-5.354740036442655615e-01,-4.426923949633498889e-01,-1.433171161173138142e+00,-4.571769076447586566e-01,-2.800813236607453405e+00,-6.290438166566298950e-01,-1.324171644613136856e+00,-7.778540766070302093e-01,6.281358725673991117e-02,-1.310920860991619419e+00,-1.217587762941323870e+00,-3.020401083466441317e-01,-1.781476311098265208e+00,1.470484234472581031e-01,-1.187038440085179669e-01,-7.559869366173196381e-01,-2.144659520020662846e+00,-2.093930124972605444e+00,-1.022644416905124753e+00,-2.054012847739837611e+00,3.042008386443695311e-01,-9.008525208724921240e-01,-5.700306879577605734e-01,-1.630574310969717944e-01,-1.785844121712375498e+00,-7.721980455224712880e-01,-2.326957084200198089e+00,-7.992213056134328530e-01,-1.245217407418929945e+00,4.075749867132409943e-01,-4.395439805887679796e+00,-2.326796400153083866e+00,9.666288117831434157e-03,-1.485053005658103720e+00,-7.933854817760338518e-01,-1.883463745446201543e+00,-2.137961210433455328e+00,-1.224441337580990830e+00,2.000000000000000000e+00
6.722787835047028260e-02,1.819466428942437819e-01,-8.694627927956609659e-01,1.869848641581426829e+00,1.124239067516754176e+00,1.392543303695137347e+00,1.939666542245893632e-01,1.580462505481657898e+00,-5.536679716558090547e-02,3.073271620321726960e-01,1.578442854708046239e+00,1.291918517677791645e+00,1.792869997485297073e+00,-2.677242160045244512e-01,1.480770645107228667e+00,1.771149647559572937e+00,9.698990341353327382e-01,9.735855540949870379e-01,1.161002970581145988e+00,-4.962013730729960548e-01,-7.449334662834795617e-01,7.205295294154143715e-01,4.936984091412265907e-01,-1.215957537694402735e+00,1.874417148217341733e+00,2.507866166808409014e-01,-5.371003154492436371e-01,-4.488937009306118719e-01,1.077343760183206989e+00,3.045082052726617583e-01,7.825300754619848309e-01,2.506669844133822433e+00,1.663264787271995448e+00,1.026853839157629622e+00,3.670481133054082523e+00,1.304941611616498465e+00,-3.428810606639415282e-01,1.437075753731828165e+00,1.741318607497658988e+00,3.107162790213210180e+00,1.872886809356813842e+00,1.555737104173128937e+00,2.252902843422426749e+00,3.010381059103992563e+00,2.627323178947905014e+00,2.011326741487118319e+00,1.787717592078581275e+00,1.812404565963198211e-01,-2.506026383238021404e-01,-1.534580594304816303e-01,3.000000000000000000e+00
-3.956226496916392388e-01,2.308144603349852608e-01,-2.284629447227260357e+00,-6.157558240290842422e-01,-2.115717503187865833e-01,-2.022423604803246899e+00,-1.944672857677180566e+00,-2.070714547681050011e+00,5.078105165502985185e-01,2.553270386564694960e-01,4.979919980523474510e-01,-4.888607508636714227e-01,1.206445937710344474e+00,1.860564091416934129e-01,-7.319398108560368765e-01,5.483195397284272854e-01,-2.349750678264484360e+00,2.398070711743499270e-02,8.311759063951845716e-01,-5.554146708628321383e-01,6.799890672916790724e-01,-1.245701592965534843e+00,3.420479355440333297e-02,-1.055538487264697345e+00,1.298179972215213196e+00,1.477194320483847523e-01,3.258953475673659339e-02,8.636701475175722065e-01,-6.416983577190811250e-01,9.557221960829925811e-01,-1.554611768865551857e+00,5.643786506664408842e-01,5.576599543386026037e-01,1.574983487151928818e+00,-1.024988933973479815e-01,-1.604234027588194111e+00,3.628714437595620401e-01,1.110773471596082196e+00,-4.395269272713566711e-01,-5.625453402503489686e-01,1.987441131109106973e-01,-1.773369006210578913e+00,5.397223670870024970e-01,-1.096983497443930977e+00,-3.175362140930692578e-01,1.772457374225265558e-01,4.066829480060858981e-01,-1.510020176868490660e-01,-1.518583633141629585e+00,-1.464750956963106532e+00,1.000000000000000000e+00
-3.485537989664696523e-01,-1.515332043746071555e+00,-2.309518074848928126e+00,4.557963959645108254e-01,-8.913504954884932108e-01,-1.050488781278012596e+00,-6.207854089251363394e-01,-8.491927038482232071e-01,-1.142868035676745331e+00,-1.854008282121146989e+00,-1.500896340994453126e+00,-5.941423474195285381e-01,-1.233299583155704982e+00,-3.803504179449935796e-01,3.854260904264137366e-01,-3.257151717783114409e-01,-6.067352600391705542e-01,-2.541297131986761215e+00,-1.099631163812746504e+00,-1.362762415438731223e+00,-1.959099508495967701e+00,-1.417995023426797285e+00,7.952760296396199635e-02,-9.035338346569476986e-02,4.017544875965270990e-01,1.376530027483061192e+00,-4.194140745373649004e-01,-9.906308749739951569e-01,-1.274289855778865332e+00,-1.145834133366519847e+00,-1.843411674860570004e-01,-6.275674870535417060e-01,-1.403895047394169149e-01,-7.664045870519408110e-01,1.258015630364829329e+00,-1.200516486253147219e+00,1.168309388905682145e+00,3.503775027751145910e-01,-1.138724727593163344e+00,-1.229292940375429577e+00,-1.390144215886562229e+00,-9.965408528413788325e-01,4.572652209630256870e-01,-2.250911519786900961e+00,-2.346101076086211101e-01,3.528044504538487836e-01,6.114380839997446415e-01,-1.387064049462934490e+00,-1.103370464896495040e+00,7.299477528044411301e-01,2.000000000000000000e+00
1.893656237648563501e+00,1.472486197423379384e+00,-1.446769537377129433e-01,1.874450351055229280e+00,9.840574625288254218e-01,1.546907151422063365e+00,8.087740460135734999e-01,-4.433411823336358415e-01,1.051923108389739125e+00,1.233225124906936143e+00,1.125043374842646049e+00,1.527647549387259884e-01,1.480295586739201807e+00,5.020806401110906592e-01,2.925399448499154786e+00,2.127231706613874174e+00,5.264356427822641793e-01,1.361394840519222216e+00,2.043921915608827078e+00,1.216566197840402319e+00,3.675610036824964455e-01,2.325236378197886200e+00,2.686719100030243723e-01,-3.128778822459253872e-01,6.246550041127935105e-01,-4.792085348245399556e-01,1.805183674397971672e+00,1.315144586009361571e+00,6.278693950495641829e-01,-1.690227583544389178e-01,2.062684663027156695e+00,1.059351700692211740e+00,3.550291076370424292e+00,1.885783537174136715e+00,1.761491821086320408e+00,-5.097402487796230952e-01,2.334534662632538060e-01,-2.147847728065345185e-01,-5.079985456971874980e-01,1.191262429800866052e+00,2.696503119167040774e-01,-4.010889712330745205e-02,-1.550700046187136749e-02,-7.465598566422279037e-01,1.739488017594553071e+00,2.433297164782486366e-01,1.889376168548948520e+00,3.261671281079506768e-01,7.937011673914371457e-01,2.588813023238342170e-01,3.000000000000000000e+00
6.333605377975595752e-02,-1.021151408318396320e-01,-5.666220809119273394e-01,7.063495825580182741e-01,-6.016585145381958544e-01,-1.203662358805753341e+00,-1.274229274892255459e+00,-1.203870863624371818e-01,-1.106384660621163585e+00,1.083534096296162180e-01,-4.718567499469874527e-01,1.597399012770941429e-01,-8.304467645720783331e-01,-4.059090374604124030e-01,1.529650891164217041e-01,-4.446296904190754629e-01,1.297613920887283889e+00,7.379048887052693795e-01,6.823435109418231059e-01,-6.319262342544819111e-01,1.178792434555998581e+00,2.838590782205423907e-02,1.678772718104250439e+00,1.995815724975781746e+00,-2.327826507215592089e-01,1.343223651780093009e-01,-1.791267447437341120e+00,1.320123687768213872e+00,4.857118939925478829e-01,-9.979834524519899663e-02,2.994037408850656057e-01,-7.625399761031886881e-01,1.745287180317075748e+00,1.407894017412206988e+00,-3.738577053482215473e-01,-1.008981885476652129e+00,1.670497532751149400e-02,1.285178275812892013e+00,-1.089818907237356971e+00,1.187857442303090760e+00,-2.917333464294065704e-01,6.318797983053613398e-01,5.693598560226436067e-01,-7.243308335448234159e-01,1.475453512320007210e+00,-2.170808621351520695e-02,1.053649727917373574e-01,1.887727959440707259e+00,-1.096542912833985417e+00,-1.375549091565912541e+00,1.000000000000000000e+00
-9.098020469373131469e-01,3.315205479824980817e-01,-4.778504319236029918e-01,-2.729559598335017157e+00,2.630062351606057280e-01,-1.528419146718623001e+00,1.126252488095535353e+00,-1.572370961219324181e+00,-6.158323814473775082e-01,3.110072598803848010e-01,-4.973586080678543131e-01,3.699226562843691557e-01,1.037641969190233882e+00,-7.246738840578446084e-01,-1.090048767561836884e+00,-2.590366094804059660e-01,-1.297544542533014322e+00,-2.242644790353681472e+00,-2.235725994930628957e+00,-1.286865569074896687e+00,-5.601457478070657192e-01,6.102643020611842051e-01,9.079985421539125134e-01,-1.207190096567816617e+00,-6.398680156146306919e-01,-2.271696356214582657e+00,-9.383195670185733306e-01,-5.816000012790403240e-01,-1.810123789213460510e+00,-6.339300805570990960e-02,-4.706522289292217054e-01,-3.005569465189000811e-01,3.347059431451764322e-01,-1.654049431767703471e+00,-6.407111356101948818e-01,-4.153260336777743200e-01,-3.236912695355071423e-01,-3.578759950980784588e+00,-1.908320543609097086e+00,2.297599156984286850e-02,-1.619694017054543522e+00,-5.557184765391888215e-01,-9.788756307161583514e-02,-1.192420563544823287e+00,-1.798342862015990473e+00,1.867531940181043959e+00,-1.345819763423941717e+00,-8.173169388647260059e-01,-9.455243682244200976e-01,-1.518954511931768225e-01,2.000000000000000000e+00
5.326645066202521095e-01,-2.711322990759462703e-01,-1.710797622906828908e-01,9.731851393144335116e-01,6.507154280357451137e-01,8.398244473859748371e-01,3.067283696172636853e-01,2.500794732414881594e+00,-1.052309692946885589e-01,2.667781513410071081e+00,-2.721789661615300338e-01,2.317999186914335707e-01,1.054526461040693253e+00,1.075720861172306808e+00,1.689723049947958078e+00,1.945817410821917726e+00,-2.797355757592677739e-01,7.162441142409294859e-01,1.645777095083389430e+00,2.391922489824036990e+00,1.117419672219831739e+00,1.211502839503210138e-01,8.763658866994628038e-01,-1.286470000620648424e+00,7.178430118550412908e-01,2.026387765850952150e+00,3.171747094089522045e-01,1.322294040558468442e+00,1.864140585844109577e+00,4.164472630913229612e-01,2.591003291041822365e+00,8.395084393997148675e-01,8.950063725685221128e-01,7.734483534085578871e-01,1.316426614543771079e+00,5.046893898894551089e-01,3.965339216260621580e-01,3.943934518704278469e-01,6.577356716784944490e-01,2.717641673201637520e+00,3.884595261099755836e-01,7.237983874711508836e-01,4.785974815135263793e-01,-6.892617905335828299e-01,-2.961789158299273916e-01,-8.542272904441771120e-01,2.462693119596768732e+00,1.451434764835380031e+00,2.655880442566548538e+00,1.260131184217067712e+00,3.000000000000000000e+00
-5.788784427784535863e-02,-6.492982098072438424e-01,1.205167470325520629e+00,-9.358836610319267724e-01,4.990678834412611842e-01,-1.822710555195772075e+00,4.459633783707416810e-01,1.556964180407196308e+00,3.338746769160316208e-01,2.194821828249207685e-01,-4.560755673758159490e-01,6.746734076072381514e-01,-8.609560139943497337e-01,-6.554269708526349048e-01,2.369609981110029628e-01,-1.582982558497411651e-02,-1.756122899096905776e+00,2.628673223862802444e-01,-1.315553639940762187e-01,2.341013010785913728e+00,-8.065544302781513242e-01,8.881552826320668892e-01,-1.019702945383912374e+00,1.390414476299913216e-01,8.710880928649631372e-01,-1.423495497643283425e+00,6.287903665685047327e-01,-1.762240273962544235e+00,1.323909783629750425e+00,5.763267179754101299e-01,-1.144650527742021140e+00,1.744569899839937044e+00,3.573365292163543927e-01,-3.427328396485006534e-01,6.652792532832327854e-01,1.314174789159230805e+00,3.228024074286393930e+00,-4.491037272669807789e-01,-1.788031491032203990e-01,-6.507081067975073463e-01,-1.833124088031777621e+00,1.388970613544788790e+00,1.450216628012200415e+00,7.029797960155447223e-01,7.709603079314377716e-01,-1.967858230678374509e+00,-1.560398525744395526e+00,8.049755696458581467e-01,3.857619515999780591e-01,-1.553889315125725146e+00,1.000000000000000000e+00
-1.971973646436880223e+00,-6.655239008418882829e-01,-9.220248504824112290e-01,-1.435088956074513700e+00,-1.077006421124534263e+00,-8.725676689369776806e-01,-5.215879215126213442e-01,3.882444299643559305e-01,-1.759892521938138277e+00,-1.503235692450958005e+00,-2.626797291833570913e+00,-1.679677645310579948e-01,-3.854119165822400550e-02,-8.849860416464330193e-01,-1.527119725116037774e+00,7.419723324875031611e-01,-6.417267443198380050e-01,-7.345495429084253347e-01,-2.050789412385594090e+00,-1.317007942350487681e+00,-1.652304972548969353e+00,-9.511373115676642342e-01,-1.286912132223839711e+00,-3.718331466181764577e-01,-2.927059353298382405e+00,-1.935660689623162067e-01,5.019569615087424719e-01,-4.635491808435254213e-01,-1.196897520688423366e+00,-9.784889723364588177e-01,-6.465505660893735573e-01,8.978052706629386925e-01,-1.202126336647533433e+00,3.216332756484985289e-01,-1.873779804302140972e+00,7.791793306103316219e-01,6.475706977904873707e-01,-2.000056446811843802e+00,-1.631932911482207871e+00,-7.471841771569925905e-01,1.269480622327700869e+00,8.072769863179956040e-01,-2.203790390839739821e+00,4.567493625951177805e-01,2.294896364596605842e+00,9.806907959404753683e-01,5.932673571389830425e-01,-1.286556977029758908e+00,-1.086639234717060809e+00,-1.579494650033137937e+00,2.000000000000000000e+00
1.766706012481374488e+00,1.349462292805021058e+00,-5.849385568652251122e-01,-1.826026981158362927e-01,-7.794207418420532330e-01,1.590642344317420909e+00,2.961524818536520609e+00,5.312576272819190537e-01,-1.467300538319787906e-01,2.991519520048194991e+00,9.798931482752377686e-01,9.409190273902556800e-01,1.552859895048044114e+00,1.264330411871584792e-01,1.890266732899636981e+00,1.836426373734783457e+00,1.619606682213492910e+00,1.941516141926858730e+00,7.873001829021057940e-01,2.244322007798114527e+00,2.397931844288938574e+00,2.690295315116521202e+00,3.310564686008808266e+00,1.989450382693697339e+00,6.455513050102397177e-01,2.022904138436581789e+00,7.921131135380357069e-01,5.358190583259359041e-02,2.258602880468838947e+00,1.964902155890364543e+00,-1.876168024094589271e+00,7.337985047260038307e-01,-8.273782747523329428e-01,2.397747826501372082e+00,1.458189092449039270e-01,1.878287482776891171e+00,1.495829167202333831e+00,6.700232246588133656e-01,2.456180491603335625e+00,1.321824166178546589e+00,5.182669501099967935e-01,6.760669934378948920e-01,-8.685564146999186219e-01,2.016874470163117383e+00,1.130858103379233093e+00,2.043898210647522973e+00,1.831219425742897533e+00,-4.594496514423240807e-02,1.928731503993403873e+00,1.336072822180551567e+00,3.000000000000000000e+00
-1.401785872899205011e-02,-2.848663731633379603e-01,1.320704629154557885e+00,3.503606173851852579e-01,7.767363444165240605e-01,-3.242426015504538128e-01,-6.317619638342899524e-01,2.220820388069812079e+00,6.565564292361887322e-01,-6.395291327993357644e-01,1.568876968666872429e+00,1.439102520099777349e+00,-1.105572408759716296e+00,2.707312841481606669e-01,5.517197087093245189e-01,1.150895027019008116e-01,2.566165751060661138e-01,-1.381591386052008152e+00,-3.002888343592816423e+00,6.881210341128962682e-01,8.382249888684715211e-01,1.595447658735699159e-01,-8.947903531262155763e-01,-5.249050331868282404e-01,-3.528571499099925068e-01,-4.338738814637118635e-01,1.731249758910515357e+00,-2.187750948272915996e-01,1.096584241481379784e+00,4.055072747028102831e-01,6.350089607162971994e-01,-1.329011345481482531e-01,8.812336423874479741e-02,5.993988355156717462e-01,-2.346455117770062104e-01,-6.603127685812060221e-01,-1.291883428675682621e+00,2.720392823551917583e-01,-2.292277695664929615e-01,9.018115142694631270e-02,1.677144601196177698e+00,9.346392578256836892e-01,-6.433239768229566113e-01,-7.450152833889467363e-02,-1.513587758297885388e+00,-1.252958059208507668e+00,-1.287411709480531297e+00,7.844814889480735687e-01,-4.546628037728761562e-01,9.118292056773911192e-01,1.000000000000000000e+00
-5.983581581296527618e-01,-2.330288571154039090e+00,9.415492766746027531e-01,-1.222614632605789842e+00,-1.029116182266385238e-01,-2.025175670405015893e+00,2.369773550394608463e+00,-1.408794742415985013e+00,-3.812826543908855448e-01,-1.161551799257871442e+00,-2.983292188361278408e-01,-1.615747718744962480e+00,-2.593028016310654493e+00,-2.058139563071148981e+00,-1.471085091180507565e+00,-4.177239266234506476e-01,4.194027149486616590e-01,-9.696840247938851576e-01,-1.885095995279039149e+00,-1.869118514003979881e+00,-1.057718977885724110e+00,-7.939942176690294451e-01,-2.108132555675836795e-01,9.942953806981478238e-01,-8.549999172825621940e-01,-1.170477662404753705e+00,-2.640678908693896432e+00,-2.271495954683294016e+00,-1.490491790062118183e+00,-1.561079370069165417e+00,-3.834586769394158878e+00,-1.152312430964791412e+00,-1.391102203197005727e+00,-1.446664802686195017e+00,-8.137392783363939230e-02,-4.094640824831499715e-01,2.035084913638730342e+00,-1.674043980622868411e+00,2.671502046166656097e-01,4.447380651796239981e-01,-1.583838192669602130e+00,4.342827406641212029e-01,-1.716859822828474158e+00,-1.696800101500200331e+00,-1.214684781455191098e+00,-1.529129717001998401e+00,-8.316958002064688271e-01,8.988026196128362511e-01,-3.955432082268034444e-01,-1.131452890703330105e+00,2.000000000000000000e+00
2.985493996832953023e+00,5.114237502615592845e-02,1.341119076178057146e+00,1.210921760982884843e+00,-1.124014434680029595e+00,2.602770990084613434e+00,1.535862870567361149e+00,5.657006704163722866e-01,8.882851194115893856e-01,2.483757114165743296e+00,1.483459966086726256e+00,1.418284140514938896e+00,6.145561831195534008e-02,2.832248726586294119e+00,-3.266414843222781306e-01,5.140418607815508967e-01,1.444062662295166000e+00,-2.633807164922180588e-01,-3.828182568458921020e-01,2.238399841492523468e+00,6.689855561173385645e-02,9.688788055832906476e-01,4.732457598445615199e-01,2.864271141636317575e-01,3.241104990565999433e-01,-5.364118978544004657e-01,2.208586592817535221e-01,1.456656485343021057e+00,-3.201177742780697555e-01,3.005853390266997049e-01,6.404644279630931081e-01,1.117139956837338133e+00,2.458208983690202132e+00,1.424928017612912434e+00,2.081848791793488918e+00,1.376818275482204701e+00,7.327826918070727835e-01,3.302942261991169914e+00,5.086670826852979221e-01,7.556939206174467794e-01,2.186425836835808489e+00,5.415792137547520424e-01,1.943992107888893983e+00,4.083697883196821254e-01,1.133932777613628762e+00,1.370086365812747786e+00,1.614306347160584298e+00,1.890187640201162367e+00,5.253744194375383758e-01,1.275766158002351824e+00,3.000000000000000000e+00
-1.458077584112329683e+00,3.715603644910456249e-01,5.106890161778988579e-01,1.394333172956044864e+00,-3.425416635735523685e-01,1.780879806056731096e-03,-1.596957288746007952e+00,-5.457433967654360396e-01,-7.206215305795704573e-01,-1.510606484054357157e+00,1.175935645376403160e+00,5.754046612036185504e-01,5.881432961658425995e-01,-8.570593713851353268e-01,2.302303596378709738e+00,1.992396285594376926e-01,2.172123126439994001e-01,9.274854676214518978e-01,6.403316412175849015e-01,-4.369763716214548066e-01,1.700385687291497305e+00,-1.700618981858061041e+00,-9.325452953611559348e-01,4.694586907043609564e-02,7.884975536202507573e-01,1.414351363754430824e-01,-1.086832787317902671e+00,1.862997444256499158e+00,8.750075433321430340e-03,-1.137944887735945265e+00,-1.838319637756186120e+00,1.688567368302070215e-01,1.025213276378207361e+00,-1.952449407934208958e+00,-3.866662182842618978e-01,-1.760122974729027234e+00,-8.839021532020564509e-01,-3.362167270784800488e-01,-1.101185434640945537e+00,2.731989533550842619e-01,-8.050251389855979101e-01,3.477782454993665340e-01,7.613551336948305437e-01,3.798212785049213946e-02,1.816884684698071850e-01,3.423601071716868560e-01,2.659060596454993486e-01,9.981096746298824263e-01,-2.550942975643328281e-01,-5.251687412560213097e-01,1.000000000000000000e+00
-6.384781400452317346e-01,-9.431737875194647902e-01,-1.388311815723125342e+00,-2.922376124799894725e-01,-2.793116479846397660e+00,-1.675872382152693296e-01,-1.414798744404071718e+00,-8.908521879646047470e-02,-8.076506025823612100e-01,-1.101216326789599798e+00,-1.928672022458781887e+00,-1.985589588275968653e+00,-4.488099202003930088e-01,1.535968936926935813e-01,1.091027723300305174e-01,-1.442482453151537225e+00,-5.064677093290859133e-01,-2.235995374732703933e+00,1.188262296482962110e+00,-4.182592217316920546e+00,-1.649393204764138865e+00,-7.875421032085762052e-01,-1.842661716264674121e-01,-2.084157589265921651e+00,-4.952109794077764748e-01,-1.996348369587655602e+00,-3.764590477460637574e-01,-3.491459209547809195e-01,-1.371863755928342865e+00,-1.109638557058863384e+00,-1.301651487399386298e+00,-6.836891184444072733e-01,-3.500340649978129770e-01,2.883490999273365940e-01,-9.672892408242614870e-01,-4.572683569666335379e-01,-7.140131494607228069e-01,-2.833784711611916585e+00,-2.312181755343502010e-01,-3.909908608386233886e-01,7.318245436851305019e-01,1.483037113215913694e-01,-1.881670383868738305e+00,1.832026607343507196e+00,1.871840800808268979e+00,-9.160591061304640403e-01,1.224058459511884189e-01,-1.429609208887037131e-01,-2.114206639352631534e-01,1.155934084935098527e-01,2.000000000000000000e+00
1.454173422412552430e+00,1.009565323658539571e+00,2.006383099810820969e+00,2.796016183239091735e+00,-8.941092998761502875e-01,3.844734662534525782e-01,-1.440037740869491989e-01,1.945867168546215886e+00,8.502644897825591963e-01,-8.064212520196606393e-01,1.330301709626220186e+00,-1.353653698467832678e-01,1.196700202652486444e-01,2.062083475039138136e+00,2.963508497269429220e-01,-9.982495301256721909e-03,5.418510438649719596e-01,3.197698435121170135e+00,1.976795000482745035e+00,1.074149709876014658e+00,-7.678710040704039841e-02,2.125247316344633930e-01,1.150879435157901476e+00,8.313033126613467161e-02,1.551655519220420665e+00,5.712069629096665491e-01,1.598395065215604260e+00,5.006440906683919945e-01,5.609408042497512348e-01,2.357748472563881315e+00,9.460441721788622749e-01,2.036796143029028894e+00,-2.918052409564769745e-01,-2.886982342607432583e-01,8.492941232581588951e-01,1.464705790671898988e+00,1.175365159616479138e+00,9.960773760111051311e-01,1.221080509176445839e+00,7.931490268349599138e-01,1.722908243037776010e+00,2.588720515224955943e+00,2.083472500596021959e+00,2.430176280547800438e+00,5.054136696840536569e-01,6.044862268666990612e-01,1.358791397625752628e+00,1.417331862476141291e+00,1.243264489340392798e+00,1.930356808761388709e+00,3.000000000000000000e+00
1.052501007125776544e+00,2.385980312737739917e-02,-5.047954658274256268e-01,-8.576429799261017228e-01,-1.118885946984943258e+00,-1.183729435743728908e+00,1.212346703764490830e+00,1.646012018694898105e+00,1.906956898287531232e-01,-1.729411660202525847e-01,-4.148609520057731648e-01,-9.749716255138665471e-04,-2.034802016527918200e-01,2.774611634475724897e-01,-8.236995347246385268e-01,4.078718022528929898e-01,-1.193633872349371350e+00,-1.497908172551649375e-01,-2.676157978216979760e+00,1.092956423285926792e+00,6.167566738779707292e-01,6.316761713360531383e-01,2.583395174089759383e+00,1.712284974599026732e+00,-7.545755191823393104e-02,1.735838270196403021e+00,2.135423753074851660e+00,-1.423277380367242051e+00,-1.173127031416838051e+00,4.103100073312437174e-02,-3.695492275999833764e-01,2.606659063928066788e-01,-5.141764563599877658e-01,6.272746638048987133e-01,-2.917971336216577255e-02,-2.540222612669770230e-01,3.615571739335106671e-01,1.656603804576458894e-01,-1.628647125792464845e+00,6.546069929885028893e-01,-7.401329992668529423e-01,-2.257013005800300842e+00,-4.683154303571817056e-01,9.598325799753859577e-01,-1.523533497305429307e+00,5.350754917150950252e-02,8.585382828448826498e-01,1.157038158621257029e+00,-1.727857871916096633e+00,-1.843763338979661270e+00,1.000000000000000000e+00
-6.242922485037367686e-01,-2.209955634860128360e+00,8.097861569794844172e-01,6.572218260139475188e-01,-1.416430797417034482e+00,-1.569775453567250345e+00,-7.551050600499136234e-01,5.852021999011245423e-01,-2.636745317580491133e-02,-7.144375864740412085e-01,-1.219574756998329068e+00,-1.033511188595001906e+00,-7.449538317031082491e-01,9.121298108778215230e-01,-1.213526116218925921e+00,3.183217346704758643e-01,-1.820010586665906649e+00,1.500973796646346559e-01,8.537334485868450784e-01,1.226378897150890657e+00,-1.555580514956249605e+00,-4.778218858218539755e-01,-1.862888483956230523e+00,-1.375684437910617008e-01,-1.477762258602307366e+00,-1.758297679104436906e+00,9.896688120392311827e-01,-4.887621327956262474e-01,-1.452647166794837297e+00,-2.114967682535993987e+00,-1.080522858605489578e+00,5.128168044911363133e-01,3.187081222093788302e-01,1.518171372344595538e-01,-1.556016791820445277e+00,-1.211934233862835608e+00,-2.045527875719979960e+00,-2.095668836586330741e+00,-1.237543306129766929e+00,-5.446123473949197047e-01,-1.154716275762763367e+00,6.957172493064767149e-02,-9.535368689537868647e-01,-1.302374984383377399e+00,1.507633087596630395e-01,1.371812582496710009e+00,-5.123500518612245092e-01,-4.145747991627258267e-01,-5.706088872256519506e-01,-2.345947297492929629e+00,2.000000000000000000e+00
1.137010965458923328e+00,2.057457998163158663e+00,1.131509097206448766e+00,1.541051776614186242e+00,2.890569208066762208e-02,4.203396038457237749e-01,1.683047804002605563e+00,1.489228040243403939e+00,1.309525455390875504e+00,1.001784701591905025e+00,3.741047294040932947e+00,1.535398995927896859e+00,1.422668717558603024e+00,8.965104240340338038e-02,1.497795484739811167e+00,8.577239702218489859e-01,4.839417621610083153e-01,1.292806486600366345e+00,1.546993463548660852e+00,-6.030498238212539386e-01,8.975554676713249913e-01,1.876335653032425554e+00,4.361110137209966986e-02,3.032591984772284865e-01,1.567290158342534490e+00,6.550771637484775756e-01,1.537895421915888239e+00,1.041234751869567932e+00,2.208532123495466681e+00,2.971301732831090003e+00,2.032245529985655663e-01,1.166564786327842995e+00,-1.706962757600127834e-02,-1.025183435436075374e+00,1.337580721801783668e+00,4.242559239125340831e-01,1.700620127841304896e+00,1.606993290643403016e+00,2.628264574990800684e-01,1.356216253134279182e-02,1.837816016592846768e+00,7.462692233048894286e-01,1.584636617530178926e+00,7.702375225588187213e-01,1.800648813476395382e+00,1.202756898336105440e+00,1.059623278925068135e+00,3.052560393170651309e-01,1.406569866411119030e+00,2.308976383510065400e+00,3.000000000000000000e+00
6.362801899806903583e-01,1.509951342662238169e-02,-1.259355805263009942e-01,2.050281379010530092e-01,-1.993275442352344939e-01,-1.843898332812469176e-01,1.084472177563750202e-02,1.333198633218721341e+00,1.789745920697919379e+00,8.825674810325756514e-01,-3.438020528240801066e-01,-1.218477320252556950e+00,-4.307029603488359837e-01,1.152123658906068382e+00,-5.842911454798612736e-01,8.901630116876513288e-02,1.167006164335423701e+00,4.965341871181053746e-01,1.683711883343302906e-01,-2.943703638196191186e-01,-6.878638934346714695e-01,4.914690362706882754e-01,-3.710166806402112050e-01,9.172436471704923378e-01,-4.710526932174886883e-02,-1.011519659106097091e+00,-6.362257747311216294e-01,-6.986404784087003883e-02,1.489309391277912065e+00,-6.638538072627322428e-01,-1.260438933171696307e+00,-9.184318976853472760e-01,-1.017369023130488381e+00,2.037005424685446986e+00,2.035515135691344568e+00,-6.217498341953408003e-01,-5.469214992535670339e-01,-2.138177987522468237e-01,-1.179333255310674122e+00,-5.292905243436697438e-01,-1.712339778015914138e-01,3.977790170188107433e-01,7.057530002649559098e-01,1.394817622327096662e-01,2.720378888900933378e-01,-1.115611559060974978e+00,-1.975617865661393635e+00,4.063841942508996663e-01,-2.309062661237217817e-01,4.074558364390341580e-01,1.000000000000000000e+00
-2.623370807501768986e+00,-1.207737556637830778e+00,-1.270984361389188022e+00,-1.463761970673403079e+00,-3.431249689944732006e-01,-2.758669995147638776e+00,-1.740563810561475799e+00,-3.782492553374099953e-01,-2.817453582794325229e+00,5.510473021194988164e-01,-1.623245704283524660e+00,-1.519175824039287637e+00,-2.172521414675090412e+00,-5.464515758477495044e-01,5.622346088311269696e-02,-3.348928459605526875e-02,-4.325048529513936812e-01,-3.694122675332004446e-01,2.247998480022039836e-01,-2.461837837169244647e+00,5.710370295664024543e-01,-5.783825702650334799e-01,-2.397935313622781006e-01,-1.429092411796163420e-01,-6.723260311402260436e-01,-1.403875610196698265e+00,-6.601740774900231035e-01,-1.114039786343805405e+00,-2.471045343100491953e-01,-5.164786906721388071e-01,-1.813162142869531479e+00,-9.782313387716006226e-01,-9.851724577254401538e-01,-2.348893327950705157e+00,-1.193444444711375674e+00,-2.327004945649469470e+00,-1.486883645705856960e+00,-8.741782759813540027e-01,-3.149829661057398589e+00,-1.183705069879032568e+00,8.340272776436254976e-01,3.129368564695040877e-01,-3.861038433185695617e-01,3.959417101220712443e-01,-3.000948847925330454e-01,-2.588748689866233299e+00,-7.568684070142156495e-01,-7.303899942866124428e-01,-1.927180723213466118e+00,3.244230336044502394e-01,2.000000000000000000e+00
3.368463750865841266e+00,2.978138948213533421e-01,5.280115863563867862e-01,-1.182781653276060441e-01,1.705816469585002437e+00,2.943788150732377318e+00,-6.097911866982114182e-01,9.078312333845288684e-01,1.457200765468802173e+00,1.634073829906842468e+00,2.728256668463544088e+00,7.774317288705623330e-01,1.779287907046100958e+00,1.402156021152988874e+00,7.034404259623650013e-02,-2.464890368653752661e-01,9.173139936545186002e-01,1.647694286620324355e+00,1.977270089097817873e-01,1.611840316055980438e+00,1.403373313525495991e+00,6.700946821835449541e-01,9.945568404932381146e-01,6.164980539344253607e-01,2.704643874136790638e-01,2.185088728727092366e+00,1.787720847932395607e+00,3.594574480131418337e-02,1.961250963103380318e+00,-5.052551351936677149e-01,1.371992456615370060e+00,1.104439141793895685e+00,9.853157199391928689e-01,-9.118409206189478367e-01,9.059316205879048844e-01,2.047583199856192193e-01,2.402143538255202326e+00,8.157930673138904520e-01,1.919410074133309774e+00,2.011993696538755483e+00,1.796779447683502617e+00,8.993620720013109082e-01,4.269764596223754594e-01,2.076136676938704628e+00,8.134374181596428777e-01,1.390062989353914036e+00,1.944412507122115219e-01,2.675035745586002545e+00,1.021577780049235384e+00,4.498507483796483908e-01,3.000000000000000000e+00
1.204935387414143966e+00,-9.596400636649436988e-01,-3.091121453346449277e-01,1.253057132144883123e+00,2.873415326122595870e-01,-9.783512653189342378e-01,9.481851131197586158e-01,4.188920777507469662e-02,-4.543245704155656206e-01,1.661120108045449628e+00,3.941724428590466789e-01,-2.296643560856195532e-01,2.037919638029963121e+00,-5.203581107966812613e-01,1.638805640006951725e-01,1.326886519730045677e+00,-3.903255380798131835e-01,-2.003097450040213223e-01,1.231812898019014613e+00,1.505880213147862801e+00,-8.605733601313723113e-01,-6.753544203645198696e-01,5.687007326865499701e-01,-1.832221824667447721e-02,3.911961476844438290e-01,-8.283902233502017307e-03,1.785418014838968004e+00,3.148654553177835935e-01,-3.139498448710913436e-01,-1.007822948321715151e+00,7.639524895334601218e-02,5.009525795420347594e-01,1.053305944400579897e-01,7.900226713675099210e-01,-3.270395508162882714e-01,9.984778612807224674e-01,5.012977103494001829e-01,-6.738314833319021535e-02,-1.127020898188753950e+00,-5.860663308906615132e-01,-5.722939180251563895e-01,5.346702814774479950e-01,-7.401175426689935444e-01,-5.792903318222749620e-01,2.103575520332241766e-01,1.519425542650072902e+00,1.002076429069800600e-01,-1.168474857110971099e+00,1.705215468352346830e+00,-6.733353608682310920e-01,1.000000000000000000e+00
-5.166802813110031867e-01,-1.210513539414553197e+00,-1.858039427296223955e+00,-6.039485222764613415e-01,-3.737194155976241716e-01,-5.486259640650914537e-01,-1.596083312753642680e+00,-2.003124241268631422e+00,-2.810989897236769730e-01,9.144294508528352239e-01,-1.189380331524643175e+00,1.941477365190630300e+00,-1.250686890575720689e+00,-6.764347128851171398e-01,8.931033666061993781e-02,-1.064809379473806272e+00,-1.312888166921274413e+00,1.375745854937630019e-01,-1.740323949756779731e+00,-3.663174181133213581e-01,-1.442534765836976485e+00,-1.429517074598656290e+00,-1.273103403060710459e+00,-1.896070991343385970e+00,-1.106284459321659419e+00,-7.723926724203513672e-01,-1.051955927072792285e+00,-2.416347433504013598e+00,-1.457329277034729920e+00,-1.244020538314118962e+00,-9.909811712474447809e-02,-1.615812198000706301e+00,-1.187851781149484642e+00,6.972972372940413610e-01,-2.321660953919240100e-01,6.705066685691540851e-02,-5.165520261385663225e-01,-2.772734558578243025e+00,3.445684330074825219e-01,-6.902474586368947396e-01,-8.501624705660679737e-01,-7.879978053384065761e-01,-2.114297030173500902e-01,-1.279557104330377282e+00,-9.842689670455251338e-02,-1.009849895126070818e+00,-1.162319668884900237e+00,-1.807304125363549785e+00,-8.919198638671300694e-01,-1.087014218711375602e+00,2.000000000000000000e+00
2.465156215014277397e+00,2.255559214396396950e+00,8.148929962530251370e-01,-1.252112545491390616e+00,7.039135400060386738e-01,2.725166818261347323e+00,3.708115729966541263e-01,1.460339129188899410e+00,5.234952691316131501e-01,1.623438404694202974e+00,1.778369991896571634e+00,1.461863528108701793e+00,-4.724718620127364987e-01,7.963656955048801223e-01,1.087017736927429201e-01,1.578378684745655125e+00,6.077251403511472194e-01,-5.660521940945417718e-02,-9.168638076101461865e-01,4.343901090434633683e-01,1.659195719938153735e+00,-4.862240830226826072e-01,7.428552806998828251e-01,1.475353496858197166e+00,2.005988443344369987e+00,1.119678614463864408e+00,9.244625061327825799e-01,2.094487658997316704e+00,4.086268654373935716e-01,2.105173832814228430e+00,8.256827186714088551e-01,6.194379790414297204e-01,-2.049224185689287658e+00,3.889650676070299795e-01,1.519490144135024146e+00,-1.711275271789894692e+00,6.203002929283329969e-01,-8.052580639987115818e-01,-2.819273865179979799e-01,5.448000419666059191e-01,8.910350744321389183e-01,1.588837906464218186e+00,1.859325092552700953e+00,-5.353615529388681127e-01,3.101466802546369639e+00,1.233497281685286495e+00,1.321855279169107389e+00,1.710347486889059354e+00,2.387105600429293872e+00,-2.393054952991541251e-01,3.000000000000000000e+00
